Class,Nose_x,Nose_y,Nose_conf,LeftEye_x,LeftEye_y,LeftEye_conf,RightEye_x,RightEye_y,RightEye_conf,LeftEar_x,LeftEar_y,LeftEar_conf,RightEar_x,RightEar_y,RightEar_conf,LeftShoulder_x,LeftShoulder_y,LeftShoulder_conf,RightShoulder_x,RightShoulder_y,RightShoulder_conf,LeftElbow_x,LeftElbow_y,LeftElbow_conf,RightElbow_x,RightElbow_y,RightElbow_conf,LeftWrist_x,LeftWrist_y,LeftWrist_conf,RightWrist_x,RightWrist_y,RightWrist_conf,LeftHip_x,LeftHip_y,LeftHip_conf,RightHip_x,RightHip_y,RightHip_conf,LeftKnee_x,LeftKnee_y,LeftKnee_conf,RightKnee_x,RightKnee_y,RightKnee_conf,LeftAnkle_x,LeftAnkle_y,LeftAnkle_conf,RightAnkle_x,RightAnkle_y,RightAnkle_conf
Warrior_II,0.2750274,0.44149634,0.8383729,0.25732952,0.45476878,0.8746091,0.25812885,0.4496229,0.8969951,0.2651872,0.50603837,0.86751264,0.26416287,0.49465474,0.75353223,0.3669813,0.5750893,0.8861054,0.35252073,0.42033455,0.7919304,0.3555783,0.72228724,0.9260814,0.35215798,0.29512277,0.88749045,0.34824485,0.8499204,0.89118755,0.34911433,0.18107693,0.92556226,0.5951253,0.55243134,0.8148826,0.5950552,0.4539677,0.9486861,0.7325182,0.71849906,0.9417648,0.6215905,0.26255906,0.77711886,0.82425725,0.87393606,0.9594608,0.8193054,0.25239876,0.9467869
Warrior_II,0.36140358,0.48844847,0.63234764,0.3547077,0.49657643,0.71542895,0.3513454,0.49186173,0.8558113,0.3602588,0.5256807,0.6506089,0.35576266,0.51200676,0.7382001,0.4044783,0.5728863,0.73654985,0.41423222,0.47455788,0.6932391,0.3951489,0.65547353,0.7727712,0.40687698,0.39640146,0.62749344,0.3922428,0.7244227,0.8271528,0.38689688,0.31579667,0.5470669,0.56257117,0.593286,0.8306704,0.5719236,0.53182405,0.8009323,0.6680615,0.6711276,0.8294386,0.6561883,0.45501187,0.70188653,0.7582062,0.7314799,0.5097371,0.7677709,0.48038763,0.59506035
Warrior_II,0.22694723,0.54332405,0.7874339,0.21339825,0.53308165,0.8574102,0.2140607,0.5253274,0.86484337,0.22342245,0.4994116,0.82623076,0.2315601,0.48455262,0.7701542,0.29753006,0.5649102,0.8438527,0.30738226,0.4276843,0.8919331,0.2797865,0.6792621,0.8731138,0.3074118,0.3036462,0.8454348,0.27956975,0.7804236,0.8313657,0.3177281,0.20652536,0.7565264,0.511998,0.5362845,0.7942234,0.5105501,0.45366466,0.90040374,0.57342005,0.698349,0.9231539,0.6372759,0.33742312,0.80615395,0.7443658,0.706623,0.94957143,0.7398575,0.22004415,0.6698829
Warrior_II,0.39247808,0.37489864,0.3288389,0.3813577,0.3701874,0.5465481,0.3834784,0.3691067,0.57741874,0.3930558,0.3475697,0.42888784,0.39505622,0.35051125,0.32240343,0.43855128,0.31323266,0.48204654,0.43391868,0.38950267,0.34221265,0.43856496,0.22913493,0.3490326,0.42875123,0.45854026,0.44708994,0.44764102,0.17262708,0.3300996,0.4210121,0.5034715,0.4639819,0.5715409,0.32905537,0.45314628,0.56974113,0.3688475,0.5417517,0.65207773,0.2540267,0.32494932,0.6546398,0.25530988,0.2658834,0.735345,0.17480555,0.34202108,0.6996849,0.47342306,0.42793918
Warrior_II,0.22315088,0.47653118,0.8876962,0.2115269,0.49316424,0.9103452,0.20985886,0.48276648,0.860895,0.22255814,0.54087955,0.8758734,0.21709184,0.5149381,0.666875,0.30494294,0.5986698,0.91292727,0.3166928,0.4594918,0.713058,0.3210017,0.7017454,0.80608755,0.31141433,0.36030355,0.7678096,0.32581002,0.8133322,0.8960476,0.28994715,0.24768114,0.837542,0.521314,0.56289345,0.89280224,0.523004,0.47070402,0.9371176,0.6333966,0.6767012,0.828863,0.56353426,0.3156685,0.7192338,0.74636567,0.824143,0.87112063,0.7466358,0.31222782,0.89310896
Warrior_II,0.40994224,0.5729409,0.22274658,0.40309626,0.5699593,0.3629933,0.39940542,0.5913341,0.1556648,0.41266596,0.58166724,0.5482442,0.41317856,0.6265762,0.51094025,0.4671075,0.56699985,0.5026452,0.46075234,0.6465165,0.57537097,0.47078836,0.47833276,0.3617124,0.4556631,0.70694053,0.5211893,0.47359917,0.42067763,0.39899302,0.43157092,0.75628394,0.36001286,0.62763166,0.55877554,0.6049119,0.6177396,0.62323916,0.6632799,0.74090856,0.4662976,0.26962602,0.6652781,0.710978,0.4722707,0.8331522,0.38666913,0.508311,0.7711151,0.73755985,0.5176465
Warrior_II,0.28408086,0.4480201,0.82925475,0.27602223,0.46389765,0.8265471,0.27379212,0.45992276,0.87225723,0.2988647,0.5047521,0.79466933,0.29547718,0.4889231,0.77072567,0.36354664,0.554651,0.77106017,0.35731643,0.4256586,0.79098654,0.3681898,0.64595044,0.8317363,0.359514,0.3248482,0.8855244,0.36577892,0.72051775,0.93675095,0.35848376,0.24156924,0.79721165,0.5538051,0.53849286,0.8785945,0.55658764,0.464921,0.8702126,0.6503211,0.65140957,0.92862415,0.58158755,0.32857624,0.9217048,0.73584193,0.7731776,0.89599854,0.7296612,0.32390654,0.68873507
Warrior_II,0.26176575,0.44647565,0.8185006,0.24622478,0.45806533,0.86584854,0.24566163,0.44934857,0.83593774,0.25049892,0.50681186,0.846487,0.24764808,0.4778788,0.47631803,0.3254991,0.570118,0.7486007,0.31578577,0.42027685,0.8493772,0.3397164,0.6547463,0.7979697,0.3179615,0.30940798,0.80769837,0.346525,0.7552582,0.90455544,0.30645248,0.20716159,0.69316506,0.5330873,0.51032126,0.915842,0.5256328,0.43710637,0.88943344,0.6261333,0.6270125,0.9497362,0.5567341,0.26427615,0.8699905,0.7123093,0.7721743,0.86685926,0.7071244,0.26376262,0.74981266
Warrior_II,0.31677756,0.29583818,0.515479,0.31299657,0.30081895,0.5469303,0.31408313,0.29138967,0.5153674,0.31261903,0.31828943,0.39031655,0.3175995,0.29155332,0.32800105,0.34222886,0.3397278,0.44683218,0.34142414,0.28984416,0.48419735,0.3537521,0.4024577,0.2838085,0.33913252,0.22870992,0.38223773,0.38402995,0.44922858,0.3872508,0.3080611,0.15806071,0.4687043,0.44589666,0.33480737,0.6385776,0.45023313,0.32057127,0.61223114,0.4698728,0.21300942,0.36635593,0.48852414,0.37118027,0.26899317,0.49140847,0.20026806,0.19292688,0.55012983,0.44728386,0.4523411
Warrior_II,0.34155488,0.46199563,0.7787722,0.32977763,0.46421042,0.7511076,0.3313606,0.44509527,0.6609666,0.33939052,0.4558254,0.6823271,0.33994007,0.41908708,0.80583376,0.39324656,0.48783958,0.6915545,0.3985477,0.3842968,0.6783868,0.40072894,0.5438486,0.61916167,0.40248471,0.31933105,0.723336,0.3940862,0.6147288,0.77364373,0.3912932,0.26437497,0.8154121,0.5756534,0.48794073,0.8757427,0.57998705,0.41208136,0.8705954,0.63540655,0.5809771,0.6979161,0.66606045,0.34150618,0.7660992,0.7461281,0.5812596,0.80650026,0.71722573,0.28971818,0.66581017
Warrior_II,0.43324172,0.54655874,0.4482575,0.42131183,0.5356873,0.69788045,0.42226017,0.5310117,0.6834105,0.42620546,0.49988705,0.7741519,0.4328766,0.49499965,0.9083639,0.4809195,0.5535324,0.7725039,0.4861102,0.4358342,0.75168014,0.47913083,0.65984076,0.80053735,0.49152032,0.32360035,0.75371444,0.47573805,0.7532519,0.9059739,0.5002182,0.22797763,0.80777204,0.68202555,0.51787835,0.87882715,0.6826486,0.4464088,0.85542244,0.719188,0.66963345,0.92322713,0.7897818,0.33401033,0.8587775,0.8809296,0.69310355,0.91262853,0.8907301,0.20425606,0.9106717
Warrior_II,0.29248732,0.4296217,0.8325333,0.2809095,0.44090763,0.6293437,0.27945834,0.43479446,0.73832643,0.28966463,0.48443127,0.85520625,0.28939316,0.46441105,0.837342,0.3539406,0.53155315,0.753813,0.3591233,0.40863267,0.82544935,0.35173497,0.6395959,0.7625488,0.35705522,0.31666285,0.8539061,0.3579271,0.73002404,0.8977855,0.3455967,0.22225136,0.7531226,0.55938673,0.49964857,0.7609896,0.560172,0.42828092,0.80647385,0.65364456,0.6118102,0.9098033,0.59443563,0.288186,0.6997011,0.7538509,0.72652066,0.9221645,0.74479467,0.2704408,0.8688291
Warrior_II,0.36112082,0.64101887,0.3702019,0.35237056,0.6470539,0.6128822,0.35468203,0.63536096,0.5950832,0.35331213,0.6762102,0.5515477,0.3595578,0.6533709,0.34916893,0.39912954,0.71572083,0.51942784,0.4143803,0.6237048,0.4831723,0.40354735,0.8046889,0.35997403,0.4154849,0.53522813,0.30287272,0.41435838,0.89205533,0.3057585,0.4032045,0.43335494,0.31280664,0.5603851,0.717603,0.50433767,0.5662337,0.6542297,0.505989,0.6217213,0.79911315,0.44181374,0.58759314,0.5352407,0.43982327,0.6877015,0.8976454,0.43337604,0.7236773,0.5245783,0.47155184
Warrior_II,0.2536815,0.54071534,0.80979633,0.2387182,0.53423065,0.81059265,0.23839858,0.5251154,0.7666034,0.24478687,0.50498796,0.6693838,0.24759425,0.48562258,0.7782905,0.31523466,0.5534845,0.78855413,0.31506753,0.42872694,0.77296877,0.29952088,0.67109346,0.89671147,0.30073774,0.30436885,0.7762371,0.292661,0.7693017,0.8669949,0.28989688,0.20426053,0.6950754,0.53363025,0.53655493,0.89647084,0.52971137,0.45519617,0.8623382,0.60195917,0.6783308,0.9164374,0.6428251,0.33829114,0.77639914,0.76996195,0.7065579,0.89060205,0.74741584,0.22722848,0.83386767
Warrior_II,0.21993472,0.5257832,0.6909819,0.20659746,0.51956904,0.7883427,0.20796543,0.5068096,0.86296034,0.2206324,0.49124438,0.753281,0.2295084,0.46363863,0.8853194,0.30068767,0.55224586,0.90964526,0.30312604,0.41009504,0.93855345,0.2701517,0.6727188,0.92924887,0.30973738,0.28555095,0.92185366,0.23651475,0.77332383,0.9334033,0.30386436,0.17388663,0.86904347,0.5202509,0.5437695,0.9112724,0.5188587,0.4524468,0.83821934,0.57225615,0.7122457,0.91510385,0.6544473,0.3216137,0.88151205,0.7567241,0.70257187,0.93689996,0.75601465,0.20074058,0.8517452
Warrior_II,0.39444298,0.45582193,0.49609712,0.38492116,0.46201447,0.62365645,0.38502485,0.4521965,0.28006616,0.3978837,0.49537808,0.7607955,0.39332607,0.46457094,0.3646317,0.44559422,0.5377565,0.748449,0.44348013,0.44856328,0.5116743,0.44935036,0.60898715,0.38478702,0.43518007,0.36538506,0.3462486,0.45148966,0.68849224,0.3522253,0.41455474,0.30359474,0.50413656,0.5925165,0.53388155,0.7108559,0.5891432,0.4765463,0.74239665,0.66697836,0.6312115,0.7643722,0.6152229,0.36995465,0.69826454,0.72899824,0.73479086,0.6432104,0.7198075,0.3680068,0.6239913
Warrior_II,0.28712592,0.6426163,0.6832392,0.27275103,0.66172874,0.8591404,0.27033687,0.62558544,0.5542782,0.28960982,0.68785465,0.5640255,0.28395754,0.60196555,0.6904282,0.37690616,0.702248,0.7015595,0.34418377,0.55372196,0.6139253,0.35555097,0.82476777,0.7485524,0.33516076,0.41786262,0.7922309,0.32116473,0.9265286,0.64709383,0.30625612,0.30901828,0.7902848,0.5913282,0.5675638,0.78503996,0.5665859,0.4818149,0.8743863,0.64474607,0.72210133,0.81771684,0.67578286,0.32756996,0.7831159,0.81715953,0.7441739,0.87681985,0.80448455,0.20804663,0.9002774
Warrior_II,0.50344497,0.45774654,0.3818405,0.49319822,0.46108058,0.63553447,0.493577,0.46267465,0.5072894,0.5064828,0.48526752,0.50767154,0.5070477,0.4974394,0.31323412,0.56151307,0.49633127,0.3875759,0.5545543,0.5288465,0.44443274,0.55717963,0.3687643,0.20782246,0.57348466,0.6234691,0.3106377,0.5392144,0.299337,0.2621249,0.58680934,0.70167357,0.49954996,0.6934359,0.4926631,0.40750113,0.69324464,0.48997894,0.40935585,0.8066337,0.5886717,0.3718624,0.77193326,0.3596424,0.48232934,0.8828344,0.6631605,0.35630867,0.8791381,0.37221265,0.4984744
Warrior_II,0.23852754,0.47345787,0.83552456,0.2235178,0.4859797,0.83430755,0.22295593,0.45492384,0.86019325,0.22968134,0.5021025,0.6621471,0.23212835,0.433086,0.8116164,0.30461952,0.5442011,0.93961686,0.3168217,0.39073336,0.89510524,0.3074674,0.64349717,0.8691849,0.3099629,0.28775766,0.83997965,0.3032455,0.752405,0.93131924,0.29409486,0.18871078,0.78318137,0.52245617,0.51480854,0.9342151,0.523056,0.42754894,0.9070844,0.6544113,0.61260635,0.9303217,0.61357874,0.28305623,0.6624031,0.78246385,0.7076405,0.90178,0.780581,0.25312155,0.8517909
Warrior_II,0.59220934,0.3145925,0.33504033,0.5886391,0.31176493,0.3940624,0.5901196,0.31084564,0.3238644,0.5912102,0.29752204,0.36652485,0.59383804,0.30361828,0.33222345,0.62288326,0.29407912,0.55985993,0.6168731,0.31104487,0.41691223,0.6503701,0.28262863,0.25844857,0.6405934,0.31906164,0.24061461,0.65989906,0.28317857,0.17690225,0.6540641,0.31466168,0.1425407,0.68281835,0.28525224,0.50857615,0.6826987,0.30847403,0.5007063,0.7207246,0.24321169,0.34283736,0.7120756,0.31436303,0.30284438,0.7510467,0.21295479,0.38842678,0.76356536,0.33040315,0.14683254
Warrior_II,0.21710154,0.59308237,0.45448098,0.20061113,0.59040314,0.44890425,0.20323053,0.574649,0.5557646,0.21242018,0.5686869,0.22109994,0.2183589,0.526608,0.5223086,0.31450906,0.61707836,0.49729136,0.32140884,0.45209026,0.70729077,0.3120943,0.750482,0.54519176,0.30500293,0.3051987,0.68394244,0.29884863,0.88732773,0.63728166,0.296052,0.17067167,0.65285105,0.5658964,0.5987062,0.8174226,0.5634543,0.4879284,0.805994,0.5701744,0.78157455,0.7426108,0.677516,0.32527694,0.6742197,0.7811118,0.8234268,0.68305516,0.7822584,0.13132049,0.75552857
Warrior_II,0.2633881,0.7366801,0.45114946,0.2575078,0.7407709,0.62865853,0.26049855,0.7363719,0.44394967,0.2594906,0.75693494,0.5525712,0.26380992,0.74563444,0.41385788,0.2965484,0.7687477,0.46575618,0.2962803,0.7402807,0.4410418,0.30612445,0.8138415,0.3199852,0.31041846,0.69895816,0.3011951,0.28976116,0.8677305,0.3436685,0.3009075,0.6732851,0.27861157,0.38669026,0.7504854,0.33697203,0.39118448,0.7539794,0.3121503,0.43759075,0.67706275,0.34192923,0.4401271,0.8162779,0.2810625,0.5064511,0.66049343,0.34588552,0.4893655,0.87794864,0.3661335
Warrior_II,0.25271913,0.5365139,0.82441926,0.2384939,0.5348318,0.8461129,0.23696455,0.51914626,0.8117032,0.23834738,0.5061276,0.82189,0.2378055,0.47571272,0.86719215,0.31810513,0.54683065,0.8728048,0.3245306,0.4128788,0.93863505,0.31667262,0.66324776,0.64076245,0.3148654,0.29996014,0.8711386,0.2975609,0.7689478,0.9416846,0.3001674,0.20012216,0.9534811,0.51986146,0.5303825,0.8538188,0.5243058,0.44294894,0.84153616,0.55523574,0.69498897,0.87976223,0.64350575,0.30286807,0.83537483,0.7443593,0.69954777,0.87925667,0.7434146,0.16187558,0.822372
Warrior_II,0.21577743,0.5963028,0.7277103,0.20014781,0.58493316,0.89570826,0.2008452,0.5734568,0.72149557,0.20998403,0.5513846,0.86296886,0.21440631,0.5295877,0.8667492,0.3084027,0.6240321,0.9247305,0.3155809,0.44716042,0.8435815,0.3080838,0.76095843,0.93936825,0.3067731,0.305878,0.9417222,0.29446524,0.8860946,0.8567573,0.2947059,0.17684712,0.92867047,0.55366224,0.5966159,0.92978686,0.5537639,0.49326667,0.8347883,0.5741278,0.791516,0.9353017,0.67711824,0.32012814,0.9006434,0.77353734,0.8251602,0.9606355,0.78231573,0.12496343,0.8491743
Warrior_II,0.29135698,0.5451491,0.7726051,0.2765941,0.5323491,0.85637325,0.27656516,0.53080785,0.7378295,0.28260785,0.4919684,0.81813365,0.2876594,0.48658037,0.7875554,0.3557778,0.55177903,0.8212509,0.3489014,0.42353156,0.84783727,0.35010275,0.6392066,0.68355596,0.35958087,0.33152726,0.8886874,0.32536495,0.7364293,0.95274025,0.353662,0.23698294,0.8198808,0.5556814,0.5007582,0.86684656,0.54790854,0.42833546,0.8907541,0.5965835,0.6346337,0.8528659,0.64043486,0.3080435,0.7121204,0.72826314,0.6909165,0.91006875,0.73836553,0.18528692,0.9054061
Warrior_II,0.4172618,0.46585166,0.5528513,0.41042617,0.47668636,0.55285037,0.40876538,0.46429932,0.3804601,0.42145836,0.5040022,0.48837394,0.42066273,0.47434208,0.32981932,0.4700542,0.53811145,0.53145885,0.4683474,0.451774,0.5583576,0.4699348,0.61662227,0.43725857,0.46216768,0.3644611,0.36629215,0.47004735,0.69981647,0.6732365,0.45554104,0.30977163,0.25641584,0.6248246,0.56220824,0.622063,0.62369835,0.49707976,0.5966891,0.70538145,0.6527779,0.48881766,0.6278872,0.39168328,0.5966047,0.74142396,0.7287056,0.43426204,0.7472699,0.37971416,0.59573734
Warrior_II,0.3737585,0.4346666,0.6016166,0.3626432,0.44703633,0.8103415,0.3609316,0.43944386,0.68749857,0.37390864,0.4913296,0.72829187,0.36949462,0.47201675,0.6730883,0.43141562,0.54267883,0.68877655,0.44901237,0.43077224,0.70908976,0.43956643,0.6373847,0.7788289,0.45403874,0.34418896,0.6976971,0.45114365,0.74721086,0.5698245,0.44662577,0.26038617,0.5482977,0.6177868,0.57074183,0.8620683,0.6240755,0.50847864,0.87560135,0.6741422,0.69721675,0.6652956,0.5921702,0.36536995,0.8420504,0.7046441,0.7941142,0.67145073,0.7372924,0.3679537,0.8766306
Warrior_II,0.5171371,0.565021,0.56007165,0.50741106,0.57216,0.7085218,0.50971353,0.5580428,0.5542333,0.5084847,0.56813043,0.6885974,0.50815153,0.5366174,0.59159184,0.54067487,0.5969204,0.65065914,0.53205204,0.49872664,0.5354301,0.5413984,0.6627943,0.47878483,0.53815967,0.41205394,0.567082,0.5367168,0.7223657,0.56339544,0.5229876,0.36533666,0.43522656,0.6582337,0.5503839,0.7105768,0.6573031,0.5003124,0.7249076,0.6572881,0.6500583,0.63563615,0.70178694,0.40103176,0.579548,0.7546897,0.6071762,0.5806032,0.7550842,0.31835642,0.54246473
Warrior_II,0.32422006,0.74632937,0.40369645,0.31489038,0.7460109,0.3806381,0.31761476,0.746287,0.36909327,0.3149812,0.7522097,0.45608246,0.31586218,0.7457479,0.36894286,0.33695436,0.7587033,0.4106576,0.33378732,0.75779355,0.3902548,0.3500391,0.75851935,0.2655315,0.34734076,0.7572954,0.22808573,0.32450172,0.75297207,0.25633863,0.3600479,0.76388514,0.13789394,0.39514974,0.77116334,0.35644373,0.39532113,0.7680833,0.3582152,0.42978626,0.77998906,0.22332601,0.42783487,0.79283094,0.23293905,0.46158615,0.8290308,0.190422,0.46375355,0.8408401,0.2528876
Warrior_II,0.4684873,0.5445479,0.33418232,0.45772955,0.54584855,0.3806641,0.45721057,0.53893095,0.61864704,0.46950376,0.5301717,0.259056,0.4708993,0.50921357,0.36064082,0.5288032,0.5158884,0.32918662,0.52619916,0.5230417,0.30970836,0.53447086,0.44893077,0.11315513,0.5273438,0.63258916,0.26944676,0.5364915,0.6831891,0.35717902,0.53424394,0.6839846,0.39758295,0.659249,0.48616713,0.5110629,0.6599651,0.5209334,0.56308573,0.7275299,0.39991134,0.6868578,0.72637105,0.6316436,0.6505194,0.80390066,0.29971987,0.35591382,0.83550155,0.64444584,0.5471318
Warrior_II,0.35645893,0.51044583,0.5987842,0.34513164,0.50246423,0.7071643,0.34616405,0.49581715,0.67497796,0.34929532,0.4763967,0.8164864,0.35302258,0.4634777,0.8654236,0.4070306,0.5251423,0.8352679,0.41368163,0.4199906,0.78468347,0.40404636,0.6153195,0.88388973,0.41924232,0.3150006,0.7680162,0.3964616,0.70953536,0.8898904,0.4133877,0.22623757,0.9020159,0.55722207,0.5227765,0.86441934,0.559065,0.45803806,0.8573649,0.6001274,0.65715396,0.7169079,0.6767388,0.34596878,0.8133017,0.74590385,0.669372,0.83237785,0.75402516,0.2304905,0.89959097
Warrior_II,0.4040474,0.6577813,0.45977852,0.39823812,0.6619127,0.6806184,0.4001369,0.64690953,0.58882695,0.40243146,0.66067314,0.40944988,0.40233025,0.62696254,0.52046156,0.43289554,0.6975889,0.54465985,0.44934636,0.59034216,0.7743548,0.4303234,0.7773442,0.5564759,0.44262967,0.49985495,0.4661633,0.4308431,0.85335916,0.39032796,0.44182512,0.40957615,0.38253868,0.5855993,0.6733969,0.8292892,0.5870336,0.6106398,0.7888327,0.64142156,0.76904863,0.43763122,0.6029135,0.52118415,0.6318046,0.69742733,0.82862145,0.6023675,0.68613595,0.49903744,0.205514
Warrior_II,0.2340482,0.46147504,0.81911856,0.2231554,0.47722977,0.83295,0.21970204,0.4700929,0.71947694,0.23494309,0.522713,0.83041257,0.2301112,0.5036757,0.6850547,0.3032253,0.57440114,0.8740497,0.29812035,0.4385358,0.88933325,0.3270694,0.6838351,0.52909166,0.30865,0.34950468,0.764592,0.31799027,0.77324164,0.72814023,0.2868208,0.2622509,0.46326557,0.527588,0.53078395,0.79311794,0.52429426,0.44565427,0.8472763,0.64969355,0.6623103,0.9237875,0.57719576,0.278175,0.79366475,0.75110996,0.78426504,0.49550337,0.7649582,0.250173,0.7042933
Warrior_II,0.27136827,0.51071346,0.856034,0.25439724,0.5149662,0.7869633,0.25523385,0.4867252,0.85958743,0.2620469,0.50577545,0.82894784,0.2674297,0.44761503,0.6076701,0.32912958,0.5448446,0.94236296,0.3406131,0.4097383,0.9110651,0.31485778,0.6389891,0.93310803,0.3429125,0.30795884,0.8757658,0.30773932,0.7239417,0.8045308,0.35259438,0.21561885,0.6924632,0.55149806,0.51601577,0.9185397,0.5554396,0.43047446,0.8311376,0.59718686,0.6527145,0.7277955,0.67230225,0.32142496,0.93147445,0.78300416,0.6625315,0.8713357,0.7644391,0.20960686,0.9085867
Warrior_II,0.281697,0.45423064,0.6757757,0.27261296,0.4693258,0.83246785,0.26969782,0.46437788,0.84379655,0.28580168,0.51469547,0.81476897,0.28411937,0.4999758,0.6946356,0.35657313,0.56991535,0.8668752,0.3486082,0.42084295,0.8979183,0.3641144,0.70554763,0.75726664,0.35397226,0.29922727,0.96248096,0.36326548,0.8146335,0.6967051,0.35187,0.18556604,0.79952747,0.5620663,0.5249134,0.8775231,0.56135166,0.4496067,0.87877077,0.6693986,0.6592141,0.9445413,0.56351197,0.29142657,0.8158542,0.73428106,0.8146542,0.9408806,0.74210125,0.30764505,0.87514764
Warrior_II,0.60921204,0.3637941,0.39550072,0.5991171,0.35852668,0.36487603,0.60173506,0.3634835,0.45773086,0.6069856,0.33300424,0.35141176,0.6105835,0.34873986,0.4065251,0.6447375,0.3160053,0.48492995,0.63032347,0.3569458,0.39617562,0.65130556,0.21727367,0.30621088,0.6392111,0.44219843,0.23602997,0.6503566,0.17007756,0.4138025,0.6362561,0.48504898,0.19258589,0.75951225,0.33457968,0.3982473,0.7638298,0.35448283,0.48467216,0.822297,0.25126716,0.29535598,0.8022195,0.4514318,0.31394187,0.88577825,0.18815015,0.30181378,0.88530093,0.44334906,0.46270418
Warrior_II,0.30326328,0.47132722,0.80712104,0.29311985,0.46751225,0.7749104,0.2902098,0.4529051,0.7072416,0.30446196,0.4462374,0.85431224,0.30332708,0.4097787,0.825124,0.3820737,0.49546614,0.9119434,0.38755682,0.3659484,0.91672677,0.34518582,0.60365105,0.9065011,0.40327683,0.30520707,0.7452038,0.30241972,0.71337867,0.9377375,0.41549465,0.22988789,0.866527,0.59315455,0.4538224,0.8458997,0.5869287,0.37013915,0.8435838,0.64689076,0.59053755,0.8273403,0.70211357,0.29288477,0.6297317,0.842807,0.56868386,0.8931384,0.803661,0.2120807,0.72692466
Warrior_II,0.2513581,0.5905341,0.69524795,0.23708645,0.57992476,0.7781779,0.23624702,0.5721949,0.78290546,0.24712838,0.54087704,0.79547805,0.2504047,0.5258705,0.8797386,0.32069325,0.60953116,0.7503561,0.32762182,0.46318904,0.82425654,0.31571728,0.7246045,0.8071799,0.35325783,0.34198156,0.95634747,0.31145155,0.83516574,0.78569436,0.37793672,0.23458412,0.885757,0.57209307,0.5710021,0.8627832,0.5678694,0.4765471,0.9155293,0.6282853,0.73674023,0.9081365,0.7012614,0.35192162,0.71748334,0.80386394,0.7594742,0.7777028,0.8051489,0.22279085,0.81148326
Warrior_II,0.23453595,0.4578794,0.7749914,0.22268069,0.47272998,0.80926365,0.21994233,0.4635179,0.79733044,0.22914748,0.5202436,0.9193567,0.22506006,0.49706846,0.8268766,0.30966985,0.5829421,0.8934754,0.30439457,0.4241973,0.913317,0.3112192,0.6954657,0.9131755,0.3090933,0.3132431,0.91261953,0.3056937,0.8031752,0.8850783,0.29457518,0.20358783,0.7594904,0.52402335,0.5671799,0.9438973,0.5247488,0.47832236,0.9276671,0.6395925,0.69300866,0.9415758,0.5892561,0.32897547,0.9280661,0.7624987,0.81472886,0.8790829,0.76520544,0.3317558,0.9228585
Warrior_II,0.4483968,0.4918366,0.5106314,0.43965927,0.4934959,0.5406946,0.44163996,0.4828437,0.44699618,0.4540562,0.48620728,0.35672963,0.45613015,0.45545968,0.40434238,0.4974672,0.51652807,0.50188345,0.49449462,0.43848503,0.42091912,0.4980892,0.57130945,0.33425528,0.49847457,0.3468501,0.3176483,0.48548302,0.6182633,0.47066522,0.50903314,0.29060572,0.38114294,0.6303722,0.49751127,0.5458471,0.6303996,0.44176987,0.56816214,0.67527634,0.5752923,0.641447,0.7070826,0.37088373,0.4338878,0.76624775,0.5770841,0.3762658,0.7860993,0.29625612,0.42051792
Warrior_II,0.251446,0.570572,0.8324071,0.23675619,0.5631357,0.7304025,0.23606367,0.5555557,0.7562454,0.24391738,0.53053886,0.74657005,0.24508263,0.5135889,0.9053282,0.32586187,0.58117926,0.8515701,0.32043126,0.45079756,0.83780444,0.32235464,0.6976435,0.86551166,0.3271308,0.33719683,0.87229234,0.3020744,0.7983366,0.9302476,0.31462938,0.23733614,0.72794557,0.53238684,0.5385312,0.89644533,0.5298228,0.4604421,0.90646064,0.544754,0.6951853,0.89250374,0.64048433,0.32287353,0.8922599,0.71059257,0.71180874,0.8115169,0.72107804,0.17655265,0.6834165
Warrior_II,0.38057807,0.50612843,0.63731784,0.36666656,0.49971858,0.6044641,0.37203252,0.49619037,0.6905659,0.36777458,0.4810231,0.655787,0.375007,0.4625556,0.5367131,0.41934732,0.5146622,0.6719524,0.42514157,0.4204927,0.66788906,0.41963682,0.570357,0.65038705,0.42956692,0.3481194,0.27576888,0.40339193,0.6204331,0.32459128,0.41166243,0.26324385,0.82947206,0.58626807,0.5059206,0.8051392,0.5878867,0.44447792,0.79294294,0.6420098,0.62804145,0.7833697,0.6937469,0.34977803,0.42293912,0.76456606,0.6314882,0.72682005,0.77584416,0.25820097,0.767839
Warrior_II,0.28335878,0.45018288,0.73993707,0.27335808,0.466182,0.6732276,0.2705504,0.462454,0.8559782,0.28687608,0.50914466,0.88339883,0.28274024,0.4957632,0.7302141,0.37018758,0.55884767,0.887509,0.35221797,0.4253379,0.8854274,0.35299087,0.67986774,0.8613909,0.33868456,0.31134716,0.8656774,0.34255132,0.7763129,0.84640527,0.34142542,0.2237959,0.76751006,0.5705663,0.51209986,0.9273732,0.5729171,0.4302885,0.8866894,0.6693791,0.66619265,0.9524894,0.60076016,0.27189308,0.82102984,0.759552,0.80318695,0.8595665,0.7764023,0.2698912,0.90025735
Warrior_II,0.27429458,0.44532636,0.69192564,0.25948718,0.45753703,0.7995776,0.25929314,0.44691825,0.7718798,0.26164645,0.496418,0.65609235,0.2622064,0.47574937,0.5992028,0.33849874,0.5658224,0.8508112,0.33518454,0.42042643,0.88824457,0.30216944,0.5881703,0.564769,0.32387695,0.31528914,0.67062974,0.18495601,0.56308466,0.26323622,0.31481272,0.22465676,0.2680205,0.5291054,0.5305968,0.9221269,0.5283821,0.4572819,0.90715826,0.6443504,0.66495633,0.9179395,0.5717988,0.31264022,0.7942071,0.749988,0.80366343,0.83261317,0.72384787,0.29793006,0.8082041
Warrior_II,0.11971851,0.3259931,0.67808825,0.095944166,0.3428976,0.65117496,0.09502957,0.34235984,0.76194024,0.1091806,0.4107564,0.85261387,0.10854381,0.41032392,0.6912115,0.20562844,0.58869004,0.9504989,0.23685938,0.34730166,0.9526016,0.25337636,0.7738434,0.6098274,0.21937616,0.16372076,0.9013486,0.28431332,0.93836385,0.9225826,0.21526355,0.01316794,0.34292036,0.5704453,0.62310714,0.8909453,0.5693124,0.47903976,0.9613393,0.7718679,0.81035984,0.7937341,0.6864014,0.24630094,0.90999985,0.90443605,0.963413,0.49644044,0.893684,0.30327392,0.39424503
Warrior_II,0.31365812,0.54304266,0.68741983,0.29811826,0.531647,0.5584936,0.29838628,0.54165196,0.7263844,0.30437446,0.49601987,0.7873192,0.30653808,0.51649296,0.750473,0.36290032,0.426737,0.844223,0.37204957,0.53842413,0.8147995,0.3625007,0.31245565,0.87966704,0.35082665,0.6622605,0.8991891,0.36367857,0.21615832,0.91884935,0.3466588,0.75760216,0.7137317,0.5745255,0.43822047,0.8121992,0.58071065,0.48505062,0.9031387,0.67461044,0.29592314,0.81760734,0.6012443,0.65469956,0.8565134,0.74192286,0.16340724,0.8079977,0.74488676,0.73897505,0.9447208
Warrior_II,0.3110914,0.56144434,0.4523991,0.2943185,0.5612736,0.46651053,0.2986917,0.5530855,0.5878432,0.30467287,0.5431547,0.6273168,0.30906394,0.52561736,0.41248623,0.35264137,0.51813805,0.5427619,0.34199363,0.54415977,0.74543685,0.3913174,0.47405332,0.46062177,0.30942425,0.6231882,0.4731583,0.39455116,0.46254608,0.21853931,0.27583355,0.687694,0.6488154,0.49664015,0.5270757,0.62214607,0.49191502,0.53844595,0.6877375,0.5436503,0.4853173,0.36460394,0.52244514,0.64679,0.6932354,0.61410344,0.42950785,0.37503037,0.65313953,0.66248494,0.7156912
Warrior_II,0.24664591,0.4591233,0.69822687,0.23839742,0.47272465,0.80130035,0.23491319,0.47316724,0.6387508,0.2565776,0.51161313,0.891671,0.2531333,0.5041386,0.64228886,0.32441747,0.5686079,0.90721464,0.32663733,0.4365022,0.82515025,0.3383032,0.6845868,0.8355597,0.30944273,0.3289173,0.7938917,0.33515874,0.7908125,0.8424159,0.29210204,0.22505656,0.8201622,0.5230854,0.5569935,0.88740134,0.5257916,0.4765204,0.8541737,0.6341209,0.7149574,0.8035363,0.5570058,0.31342,0.757613,0.7264103,0.84970164,0.79569685,0.7328567,0.26287264,0.83650905
Warrior_II,0.37303257,0.51098007,0.54482496,0.36032724,0.5103711,0.74045527,0.36423028,0.49561548,0.7128097,0.36538756,0.49609077,0.65192616,0.37314954,0.46490052,0.85344213,0.42278832,0.5283575,0.68917465,0.42791203,0.43213448,0.8035506,0.41751426,0.6060464,0.72863585,0.4262988,0.35740224,0.5140548,0.40234798,0.694767,0.6500904,0.40625465,0.27896205,0.47417536,0.5870266,0.5162008,0.86809254,0.58538383,0.4506722,0.86708957,0.6410309,0.6295454,0.7051377,0.6805184,0.3680249,0.722322,0.7721856,0.6542944,0.7410677,0.7525364,0.29443368,0.5588447
Warrior_II,0.20694017,0.54850405,0.7836495,0.19331537,0.53625894,0.9042652,0.19306505,0.5321803,0.82237285,0.19794291,0.49984622,0.8183912,0.20165586,0.4888604,0.7038033,0.2773587,0.55609894,0.8132483,0.2743882,0.42686132,0.91309905,0.27106783,0.67053485,0.88432795,0.29945907,0.30965638,0.8566386,0.26151827,0.77322763,0.83340687,0.29542753,0.2101418,0.8642439,0.49171817,0.5437827,0.8151181,0.4906968,0.46043026,0.8233738,0.55074537,0.6980582,0.9478993,0.61607075,0.3401231,0.643849,0.7174624,0.640295,0.65180284,0.71349716,0.19682226,0.815375
Warrior_II,0.19987981,0.45369947,0.7392579,0.184665,0.47426254,0.88165194,0.18383828,0.44772643,0.8377782,0.19928904,0.5132872,0.5836128,0.19559614,0.45778978,0.8783343,0.2688994,0.5458628,0.8009497,0.3027861,0.4326143,0.84335256,0.25473875,0.6604934,0.7529407,0.30719233,0.3517904,0.7041718,0.21614443,0.7715993,0.7703017,0.29441914,0.26604962,0.873625,0.52310723,0.5482479,0.811519,0.5370621,0.49877003,0.8969264,0.679077,0.6943054,0.9213375,0.606786,0.36085314,0.69727504,0.81582737,0.8672549,0.9099009,0.8131493,0.3830667,0.87202394
Warrior_II,0.38787597,0.5520185,0.5557665,0.38452005,0.5643908,0.5483989,0.3796036,0.54594535,0.4508998,0.39532197,0.5776484,0.4643998,0.39010206,0.5389403,0.38014087,0.44862938,0.60398746,0.644947,0.43795913,0.5146796,0.41233477,0.46507698,0.69613034,0.4374767,0.43493837,0.45430547,0.33736965,0.4675634,0.7626754,0.51376617,0.42504,0.3911895,0.26618144,0.5752992,0.5778053,0.5377433,0.5709612,0.52471006,0.682432,0.65251076,0.6360245,0.45473364,0.6117814,0.41937056,0.37037754,0.7403609,0.7277595,0.42258653,0.709366,0.42897746,0.6239739
Warrior_II,0.2562373,0.5248977,0.8974564,0.2415749,0.525026,0.9278863,0.23966193,0.50210845,0.84151334,0.24641502,0.5033559,0.7970397,0.24891052,0.46044856,0.88243455,0.3181677,0.5522514,0.9373917,0.31854296,0.4045838,0.9345744,0.3010355,0.6524917,0.9565457,0.38866284,0.2974351,0.92176646,0.27828473,0.76054215,0.6866661,0.42960358,0.207376,0.8444522,0.5552681,0.50766873,0.8334894,0.5517718,0.4086093,0.9121984,0.6746957,0.6348578,0.9630557,0.6951359,0.32785106,0.8446728,0.85210496,0.5955611,0.9495795,0.81317866,0.23693222,0.9312359
Warrior_II,0.27028263,0.37079635,0.60420954,0.2580212,0.38137573,0.7329812,0.25861838,0.36064616,0.62353337,0.27240506,0.38322335,0.7731043,0.272528,0.33730337,0.7865098,0.33730996,0.40531468,0.8044599,0.3390861,0.30455524,0.7355646,0.31829527,0.48246026,0.49927294,0.34770736,0.21908273,0.6832131,0.31384277,0.53850627,0.56509554,0.3638715,0.14637491,0.70610625,0.5330401,0.36788213,0.800726,0.5326405,0.31312376,0.7837616,0.5965643,0.45397288,0.6502466,0.64129215,0.24796337,0.53682256,0.7460286,0.46035212,0.51921034,0.74246633,0.18626148,0.33043733
Warrior_II,0.2734165,0.5269702,0.8138453,0.25843865,0.5400777,0.8693927,0.25770074,0.5322595,0.84360296,0.26427576,0.584543,0.7664827,0.26312372,0.5683614,0.8160942,0.3275175,0.64835685,0.7800022,0.32878247,0.5076456,0.74979573,0.34254906,0.75431365,0.9166699,0.33389413,0.41374248,0.8528883,0.3296819,0.8512852,0.8430698,0.31388193,0.30788898,0.8850372,0.5355135,0.608325,0.9301164,0.52727044,0.52172697,0.820304,0.6201751,0.7249174,0.9574737,0.5598483,0.3804124,0.6500176,0.719772,0.8669115,0.8215492,0.71770376,0.34463358,0.8411984
Warrior_II,0.278199,0.4868747,0.614712,0.26895183,0.49650243,0.56981844,0.26553488,0.49105498,0.772384,0.2760872,0.5367461,0.8112158,0.27198002,0.51605904,0.7175885,0.3537904,0.58515036,0.8507631,0.3429403,0.4648732,0.8204912,0.35750186,0.70638925,0.9224251,0.32906595,0.34974864,0.8712394,0.36114177,0.79651475,0.5165182,0.3257797,0.24457574,0.69577837,0.54453546,0.5534162,0.84568083,0.5518074,0.4858881,0.9062342,0.6597914,0.66520965,0.8873458,0.61178404,0.3511375,0.7817044,0.7722811,0.78710985,0.7589381,0.7707323,0.28381658,0.91247326
Warrior_II,0.40142086,0.5334832,0.57167286,0.3919161,0.5318158,0.643768,0.3916296,0.5231066,0.5769776,0.3987222,0.51786005,0.50246876,0.39897636,0.4980323,0.6494354,0.44494268,0.5356566,0.64369196,0.44209743,0.4648148,0.57290596,0.45157474,0.5977758,0.5629799,0.44472137,0.39925966,0.42326632,0.43716457,0.6645908,0.47210604,0.43447438,0.32592905,0.62598354,0.56853294,0.5122073,0.733616,0.5666486,0.46971005,0.7279595,0.5852125,0.604707,0.7596785,0.65196383,0.40480253,0.3866389,0.6881048,0.6280979,0.6792707,0.7123378,0.3243151,0.6300228
Warrior_II,0.175738,0.42803085,0.89135396,0.15643941,0.44660154,0.76928556,0.15556972,0.4457894,0.7885653,0.17036013,0.5004739,0.8138117,0.16985092,0.49937844,0.78904295,0.281203,0.5893494,0.9443292,0.2820971,0.40401235,0.9084396,0.27398282,0.74537474,0.8938322,0.26711097,0.25416687,0.97424376,0.2595488,0.8952643,0.89647335,0.25725123,0.121021815,0.9068122,0.5658627,0.559598,0.93414253,0.5663363,0.44130385,0.96592474,0.733787,0.72767323,0.9447556,0.6451998,0.22720152,0.92238617,0.8670022,0.90126216,0.8769468,0.8760757,0.2230243,0.9578444
Warrior_II,0.27637205,0.41439995,0.85153055,0.2554593,0.4303155,0.8326959,0.25703102,0.42419457,0.84423345,0.2603985,0.47895408,0.6843231,0.26143408,0.46835202,0.84267306,0.35047656,0.54895085,0.8220397,0.35236832,0.39561063,0.711947,0.36444122,0.6994872,0.81471074,0.3536273,0.2553912,0.8150632,0.37209073,0.8426381,0.64867353,0.3499641,0.11414622,0.48559296,0.6094203,0.50242025,0.7788037,0.60642767,0.48750603,0.52910095,0.6798122,0.24969275,0.6139141,0.7629996,0.7041181,0.60964674,0.89786536,0.20916288,0.7419559,0.8987951,0.86092776,0.8014452
Warrior_II,0.50521684,0.52041715,0.502692,0.4980286,0.52708244,0.4222013,0.4983406,0.51690096,0.42175463,0.496367,0.527964,0.49987137,0.49667665,0.51311314,0.521107,0.5306707,0.5317277,0.4475505,0.5227719,0.50848144,0.49605763,0.51562756,0.5994501,0.22843109,0.5433429,0.45928168,0.26361972,0.5080044,0.62667114,0.27823895,0.54364145,0.40787193,0.32678753,0.63458043,0.5232573,0.5368178,0.6317483,0.5109739,0.5297879,0.6861393,0.58520967,0.30469626,0.6816256,0.5868431,0.26464254,0.75610375,0.6001451,0.17726405,0.7503975,0.44500053,0.35748217
Warrior_II,0.32210907,0.5407677,0.7009303,0.30461764,0.528982,0.7395044,0.3072674,0.5474483,0.6887076,0.31201887,0.49929565,0.7052984,0.31591567,0.53694195,0.73998386,0.3762177,0.4560618,0.8182082,0.38422757,0.5583158,0.80369246,0.3698567,0.3572445,0.80520195,0.3742364,0.65854126,0.86341953,0.36408973,0.29250365,0.47233734,0.37320843,0.7302911,0.6708455,0.573631,0.46630317,0.784154,0.5819956,0.53689176,0.9104842,0.6627762,0.3527231,0.91077983,0.6100976,0.6765595,0.91740185,0.74321353,0.24346873,0.85383487,0.7521817,0.6809411,0.68085396
Warrior_II,0.24874459,0.4507604,0.69791454,0.22844158,0.472753,0.9059976,0.22709145,0.45382464,0.5519544,0.23940715,0.5364423,0.9208554,0.23392484,0.48610398,0.5534159,0.32720712,0.6129734,0.87948346,0.32593307,0.41863915,0.8416212,0.3120745,0.7355323,0.70039755,0.312508,0.276362,0.7552154,0.30311707,0.8602922,0.88556665,0.30573887,0.15051861,0.8657739,0.6080617,0.5671788,0.8660468,0.5995148,0.4494927,0.7655359,0.7509076,0.7092558,0.93357104,0.6525352,0.24492991,0.8219705,0.85929906,0.876226,0.75915045,0.85576385,0.19290279,0.7189185
Warrior_II,0.32810342,0.4586892,0.68032295,0.31998947,0.47002125,0.7793864,0.3182124,0.46490356,0.75622857,0.32974577,0.5060107,0.7508818,0.32734722,0.49111533,0.6167545,0.38071528,0.5472459,0.82634956,0.38079813,0.45180354,0.78813046,0.38464788,0.6129637,0.5908762,0.3733467,0.35390368,0.697973,0.3746581,0.7058976,0.916376,0.36958212,0.28972134,0.6698417,0.522118,0.5216785,0.70625174,0.5233707,0.46972942,0.7487353,0.6117458,0.62000823,0.83335364,0.55966914,0.34199604,0.81360555,0.67891127,0.7296346,0.865031,0.6849806,0.33582598,0.81267494
Warrior_II,0.30121735,0.6198463,0.75020593,0.28457567,0.61189187,0.753604,0.2847902,0.6097771,0.6010925,0.2909926,0.5749756,0.7362424,0.29373655,0.5713997,0.9216496,0.36695144,0.62561,0.8100176,0.3565627,0.5127375,0.7189555,0.3670188,0.7148505,0.73787755,0.35480067,0.4022874,0.5697658,0.3524809,0.82250756,0.6274212,0.34127358,0.3024093,0.7460642,0.57065773,0.6052769,0.9064648,0.5685587,0.5337977,0.91774267,0.57789177,0.7648241,0.9010288,0.66764885,0.3783323,0.77899355,0.73477435,0.6895711,0.91971433,0.74724734,0.2197148,0.6402595
Warrior_II,0.3065428,0.4506887,0.6686941,0.29422295,0.4640134,0.61742604,0.293621,0.4655194,0.6453684,0.30868134,0.49808648,0.75477695,0.3080594,0.49641487,0.8375627,0.387782,0.5053649,0.61651903,0.38540888,0.50137967,0.6865317,0.259865,0.5181993,0.6529441,0.26120305,0.51245975,0.5203937,0.17453827,0.5427093,0.5195623,0.1852598,0.53865975,0.5328798,0.5781762,0.48952174,0.7739426,0.57562655,0.51894027,0.8184434,0.61290973,0.31547362,0.94872713,0.6843587,0.62464726,0.69978446,0.77238256,0.3525297,0.8539958,0.78496647,0.7544367,0.8082739
Warrior_II,0.285883,0.44569916,0.7977229,0.27482247,0.45695767,0.877206,0.27272034,0.45525,0.80546886,0.2808108,0.49561647,0.6071746,0.28038973,0.48542234,0.64194745,0.35046613,0.5511366,0.85471815,0.34493494,0.4349157,0.80640095,0.36739117,0.6580074,0.75778556,0.3453454,0.3300183,0.7578744,0.36752403,0.7479334,0.78978974,0.3485002,0.23981625,0.7952025,0.52698076,0.5212735,0.8127601,0.5311774,0.4512156,0.8647225,0.63835174,0.6381373,0.8241464,0.57777387,0.30078503,0.91047025,0.73237747,0.7589709,0.9097915,0.7249389,0.29718393,0.84404624
Warrior_II,0.45733923,0.5240656,0.48219296,0.4521606,0.5246749,0.4700301,0.44955206,0.51715773,0.37107563,0.453593,0.5170169,0.23557737,0.45288596,0.49556726,0.27059004,0.48634732,0.5324125,0.34032288,0.48117104,0.47729012,0.45394003,0.48610088,0.6010035,0.3111681,0.47188616,0.40707457,0.31836137,0.47245148,0.6500522,0.21263455,0.44837436,0.34754443,0.25088352,0.59129804,0.5079373,0.50438654,0.5889469,0.49396098,0.41330653,0.646832,0.40609708,0.23634803,0.64729804,0.609668,0.27713716,0.6819451,0.3797899,0.478933,0.73292434,0.6104973,0.25654635
Warrior_II,0.43322802,0.65560883,0.40781382,0.4243489,0.65951496,0.53442895,0.4272895,0.64622074,0.40155557,0.4267377,0.66024935,0.43967456,0.42845875,0.62714183,0.49717036,0.46320286,0.6837895,0.45001203,0.4710877,0.5933821,0.5458963,0.45697263,0.7551869,0.36687917,0.46733227,0.5296228,0.55697286,0.44597915,0.819124,0.21570669,0.45377272,0.46765774,0.2929546,0.60173994,0.6730447,0.68448454,0.60539913,0.6187369,0.6865312,0.6625159,0.7522084,0.3341815,0.62958616,0.52698183,0.43601254,0.70947385,0.79370356,0.3768768,0.7406104,0.5271588,0.3176216
Warrior_II,0.18350798,0.44904888,0.8436846,0.16393258,0.46735156,0.85026467,0.16378151,0.45424983,0.83080566,0.17259748,0.5235989,0.9002883,0.17133869,0.49479404,0.77421397,0.27178022,0.6015927,0.8861726,0.2751903,0.41718003,0.9232456,0.299895,0.74726707,0.92538446,0.29015964,0.2742073,0.91335595,0.28453648,0.88457173,0.7577536,0.2684914,0.1472635,0.9387432,0.55017084,0.566374,0.9512619,0.5429657,0.44937575,0.9184741,0.70590687,0.71669006,0.95707285,0.6023274,0.24023323,0.8694868,0.83499336,0.8914192,0.9037593,0.8273449,0.21689329,0.84757173
Warrior_II,0.24717182,0.54405046,0.659525,0.22989403,0.5457379,0.40405306,0.23483378,0.52691436,0.40808076,0.23503904,0.5256528,0.57558066,0.24510941,0.48518914,0.819797,0.30028018,0.5052418,0.7543124,0.30146867,0.5050718,0.68800926,0.33410856,0.5147162,0.2124457,0.29105228,0.5750071,0.6622054,0.4327324,0.50834405,0.24385498,0.26144698,0.6423744,0.77491015,0.48292696,0.52317107,0.74275297,0.48604736,0.5211315,0.6549513,0.5879417,0.48208144,0.73646206,0.57752466,0.6103434,0.66440946,0.68274295,0.43419686,0.7007106,0.71605146,0.63856024,0.7467898
Warrior_II,0.42203513,0.6975149,0.49320343,0.41646573,0.705111,0.6034261,0.41318798,0.6899815,0.528412,0.42129332,0.723846,0.5267285,0.41847554,0.68958753,0.43151572,0.45713335,0.74655735,0.5725307,0.45492432,0.67424744,0.41238844,0.45408878,0.810488,0.1833685,0.45714882,0.5965427,0.1725717,0.45054764,0.887042,0.2575145,0.4539944,0.5641226,0.20873456,0.57111084,0.7307319,0.5748248,0.5693805,0.6896738,0.6091171,0.64250183,0.78783566,0.5068462,0.61211556,0.6166488,0.4533695,0.7069672,0.85615844,0.5187819,0.7141032,0.6206414,0.4659857
Warrior_II,0.35008785,0.41701123,0.8149927,0.33961776,0.43069398,0.82350063,0.33624431,0.42153183,0.72592294,0.34526795,0.4658996,0.75885916,0.34184483,0.44446304,0.72907406,0.3984297,0.5115813,0.82058203,0.39876315,0.40890607,0.8527327,0.41178247,0.6047965,0.84157354,0.393098,0.3083622,0.83983266,0.41208306,0.6933259,0.8319827,0.38311476,0.2226134,0.6432291,0.5842335,0.48692992,0.73992777,0.5818964,0.4237812,0.85281664,0.65787965,0.5916158,0.8167587,0.5955297,0.2930121,0.7016883,0.7323536,0.69746685,0.86945975,0.73792505,0.29306215,0.87927705
Warrior_II,0.2903653,0.5179421,0.79948103,0.27663666,0.5058086,0.89804506,0.27793905,0.50007915,0.73257405,0.28714022,0.477732,0.86220694,0.29619795,0.46355686,0.8856579,0.35583887,0.5469874,0.9312172,0.36102632,0.41090575,0.8424596,0.3397353,0.64948225,0.8430361,0.35673472,0.289038,0.9137804,0.33772403,0.7422327,0.7956539,0.3619564,0.19131301,0.8670246,0.5577018,0.53081304,0.8901604,0.554929,0.45150146,0.85493267,0.587084,0.68411946,0.85559934,0.6605582,0.31485918,0.7755344,0.7579486,0.69851816,0.8769544,0.7450385,0.17490874,0.8165231
Warrior_II,0.29878318,0.6854889,0.5736895,0.28781298,0.6805645,0.75827503,0.2890513,0.6705334,0.75525975,0.31168735,0.6669334,0.5697679,0.31408203,0.63332164,0.7731751,0.39198104,0.7169578,0.74080986,0.37461764,0.5812563,0.9075159,0.3934327,0.8153807,0.8196978,0.4085359,0.48044065,0.75132126,0.37914976,0.9164718,0.78672695,0.41897956,0.34361976,0.8760786,0.6042841,0.6821315,0.85999423,0.59511787,0.5722089,0.7381157,0.6366612,0.8114335,0.82209635,0.6940561,0.46349746,0.7734711,0.81832814,0.8694986,0.4448484,0.7681173,0.3556666,0.71634704
Warrior_II,0.2500044,0.49902213,0.545368,0.23448439,0.51370436,0.66661525,0.23215604,0.48496112,0.6054782,0.24101323,0.53410155,0.8933457,0.23937696,0.4640243,0.9124263,0.32065207,0.559049,0.87761426,0.320922,0.42785713,0.73279333,0.33036256,0.669074,0.8991685,0.32838395,0.3146072,0.84071285,0.34388614,0.7890652,0.743208,0.33601084,0.20452575,0.9106563,0.53194493,0.528863,0.9023116,0.5315599,0.46178266,0.9283008,0.6249637,0.68742794,0.938812,0.6653916,0.3299164,0.8285259,0.8023592,0.6911002,0.69726443,0.7758706,0.17492066,0.8861023
Warrior_II,0.15720317,0.436679,0.6293147,0.14357243,0.45150346,0.67201596,0.14068246,0.4457012,0.76162505,0.15711957,0.50116134,0.8079178,0.15156096,0.4875485,0.78074455,0.22941364,0.56917334,0.88267803,0.2310381,0.42094582,0.8416267,0.23783073,0.7073272,0.8135234,0.22316135,0.28603777,0.79254884,0.22557902,0.8334883,0.92623794,0.19967091,0.172191,0.7261384,0.47706679,0.5841805,0.946783,0.48337534,0.4906171,0.93712705,0.6280128,0.6804101,0.9578095,0.5779238,0.32336202,0.8907081,0.767408,0.8015609,0.9646489,0.77797365,0.30895826,0.66898143
Warrior_II,0.32299364,0.5443265,0.83644044,0.3100406,0.53693175,0.8476313,0.30984232,0.5260164,0.8056797,0.31757206,0.51273805,0.67842394,0.3215776,0.48282412,0.7723943,0.38676572,0.5733979,0.85577977,0.39508268,0.43169275,0.77259326,0.38421547,0.68204546,0.81994325,0.41477218,0.3273557,0.7414709,0.37591708,0.773217,0.7897016,0.4077227,0.22636402,0.8822895,0.6045082,0.54799926,0.91549134,0.60294306,0.45704216,0.8846554,0.64111984,0.7036069,0.9200733,0.71102047,0.33514208,0.8410781,0.79719657,0.7029108,0.9192686,0.79359406,0.21075459,0.92207724
Warrior_II,0.36713502,0.5841005,0.6705533,0.35186914,0.5986405,0.579611,0.3563935,0.570429,0.6895665,0.35992873,0.6165482,0.65885633,0.36944696,0.56185406,0.5622589,0.40922722,0.6256229,0.6265056,0.4119,0.575272,0.44922525,0.46039632,0.6241495,0.50118744,0.4951141,0.580955,0.38413346,0.40181062,0.58836967,0.53508806,0.4033644,0.58456784,0.26566884,0.5730885,0.6019005,0.40579212,0.5695627,0.5685285,0.4846577,0.6615231,0.57584083,0.3141238,0.665763,0.57985365,0.5633021,0.8391448,0.56721526,0.6047404,0.7186276,0.6049612,0.36985853
Warrior_II,0.24526832,0.59623736,0.6970783,0.23019776,0.5942072,0.5328229,0.22707255,0.5759072,0.77801234,0.23881176,0.5667855,0.5038597,0.23958334,0.52533096,0.78019226,0.33647537,0.6173243,0.66219246,0.3455892,0.45095876,0.69766194,0.3509362,0.76706886,0.82179135,0.34361604,0.31842315,0.86683834,0.3426346,0.88864803,0.685673,0.31727517,0.19151719,0.714619,0.578538,0.61035174,0.8368665,0.5769531,0.5085618,0.69436425,0.5826353,0.7774424,0.8843182,0.67437196,0.34187353,0.70863646,0.77553356,0.79399157,0.65318334,0.76332045,0.15395182,0.803535
Warrior_II,0.28632826,0.39840972,0.84342444,0.2735526,0.4108082,0.90020525,0.2724064,0.40574542,0.78086644,0.27972335,0.4550541,0.75606984,0.28042254,0.4415802,0.6990094,0.35443833,0.51643175,0.7516041,0.35479048,0.39056376,0.8902728,0.35631257,0.62652475,0.802852,0.3398513,0.2810649,0.7408952,0.35655499,0.7455516,0.88065064,0.33010706,0.18846627,0.6807008,0.5535961,0.5000415,0.6984739,0.5569044,0.43088827,0.84531856,0.646963,0.61824536,0.95566756,0.56321514,0.27453518,0.74391913,0.7281779,0.76612276,0.8530017,0.720993,0.23441102,0.9334681
Warrior_II,0.2640187,0.5550263,0.7923611,0.24996813,0.5399454,0.61196357,0.24952188,0.53661925,0.74187094,0.261011,0.49911004,0.83530927,0.2636609,0.493245,0.73961395,0.34519985,0.57956433,0.9143866,0.35320088,0.40965635,0.5897118,0.3289261,0.72624475,0.94411737,0.3533971,0.26728445,0.797608,0.32507214,0.8448041,0.87372476,0.36429775,0.1333799,0.7144908,0.6114091,0.54250896,0.90890414,0.6056555,0.44686714,0.9443916,0.644007,0.7137321,0.86005265,0.7381165,0.2829574,0.6926707,0.848207,0.71681726,0.9208164,0.8540264,0.09549507,0.96172994
Warrior_II,0.2090609,0.5581856,0.83931136,0.18961775,0.55486184,0.87768996,0.18868434,0.5360003,0.7966066,0.19593461,0.5241227,0.86082995,0.19828205,0.48360646,0.8025312,0.28674138,0.595731,0.86946064,0.3026011,0.41786122,0.9086552,0.29319394,0.7427659,0.90160805,0.30616987,0.25816783,0.8443111,0.29340038,0.88071996,0.921547,0.29619858,0.12139149,0.79967636,0.56957746,0.55956846,0.9142386,0.5719618,0.44245988,0.9391563,0.6159193,0.7629649,0.8794911,0.7321328,0.27873373,0.9178647,0.82791376,0.77169824,0.8451525,0.8428001,0.10258635,0.91505927
Warrior_II,0.29569602,0.4837297,0.6690729,0.2801738,0.49394956,0.65295285,0.27993345,0.49415594,0.5451011,0.28407162,0.52532214,0.7816777,0.28376964,0.5297846,0.64156514,0.34080505,0.5005596,0.7500261,0.33962438,0.5772533,0.7579052,0.341021,0.39872387,0.80559164,0.36011547,0.640111,0.88457716,0.3231405,0.31835762,0.90774554,0.374509,0.70977384,0.70306236,0.5210432,0.5204476,0.7336763,0.5211102,0.5516318,0.8124804,0.59742355,0.3927639,0.8172459,0.62779224,0.6028083,0.8552629,0.7568572,0.37462136,0.80293083,0.72167647,0.6727553,0.6707357
Warrior_II,0.3053696,0.3514587,0.8250975,0.29459116,0.35826856,0.753876,0.2924747,0.3608527,0.63967484,0.3034966,0.3990771,0.87036717,0.30223417,0.39049345,0.74917614,0.37078887,0.4594424,0.7521542,0.37492177,0.3463051,0.841698,0.3827845,0.5632119,0.6961627,0.3751719,0.25629327,0.8868177,0.38598627,0.63746995,0.55159134,0.35682085,0.16653852,0.816191,0.5766413,0.46940225,0.89368594,0.5759961,0.39739108,0.86008304,0.65475094,0.5782533,0.8739883,0.56886333,0.25056404,0.916416,0.7324351,0.71064496,0.87236893,0.71698344,0.23859866,0.716623
Warrior_II,0.41447192,0.6205967,0.67358845,0.40377808,0.6309687,0.63808393,0.40495738,0.6093692,0.4432567,0.40762213,0.6476325,0.6436229,0.41350627,0.59281594,0.4537487,0.46357024,0.67011684,0.57596236,0.46378016,0.5690773,0.64942515,0.47078794,0.7578416,0.5738456,0.4687645,0.4871496,0.44101635,0.48137957,0.8453593,0.63276184,0.46640244,0.4220089,0.44014746,0.6173528,0.65684295,0.66933393,0.61519194,0.5960323,0.7101668,0.71092755,0.7421249,0.5551094,0.661424,0.48484725,0.6337525,0.7804495,0.8337704,0.5332508,0.7828353,0.49517524,0.5265631
Warrior_II,0.13884969,0.4998094,0.4654184,0.11936261,0.4766765,0.6723789,0.1135409,0.52517706,0.7303999,0.14332983,0.45628464,0.832033,0.1347217,0.55961186,0.8365876,0.26562768,0.4131865,0.9494831,0.24113,0.62425697,0.93024296,0.2599704,0.25855985,0.88867635,0.23309144,0.7834456,0.8751575,0.2689179,0.13263473,0.89279765,0.22573085,0.9433742,0.76541215,0.5102672,0.46655858,0.8238245,0.515174,0.5833956,0.9239752,0.63130754,0.24545525,0.92992795,0.7169693,0.7324988,0.7336384,0.8700039,0.26336217,0.8734541,0.90811515,0.941716,0.8902666
Warrior_II,0.31957093,0.541522,0.8788734,0.3112195,0.52894557,0.7204235,0.3101551,0.52074695,0.8856455,0.32175496,0.49786904,0.7692035,0.32391682,0.48470786,0.7893036,0.4093937,0.55760396,0.87277424,0.40334022,0.4252934,0.868021,0.416002,0.66890854,0.78535193,0.4078902,0.3215848,0.7577129,0.40115,0.76887506,0.75984657,0.38894144,0.22458138,0.7814064,0.60488427,0.53560454,0.8787418,0.605667,0.45311853,0.84412724,0.6495497,0.6727608,0.78296286,0.71540076,0.3452428,0.771697,0.8030519,0.67720515,0.8540005,0.80163014,0.21887925,0.73263264
Warrior_II,0.5009631,0.48297107,0.28260592,0.49464574,0.48292676,0.42439002,0.4959111,0.49306345,0.26596558,0.49680293,0.4922795,0.51501834,0.50011003,0.51224804,0.40656248,0.5271064,0.4854106,0.5476377,0.5250642,0.51665443,0.43834272,0.5242993,0.41401765,0.3632973,0.53581184,0.56948274,0.24038853,0.5197458,0.38186464,0.2849591,0.53915864,0.63385797,0.3589973,0.62113094,0.48465395,0.44416338,0.62332106,0.5223725,0.5444245,0.67771584,0.4098122,0.56285733,0.6975291,0.58138293,0.44556877,0.7364888,0.4141755,0.23903956,0.7558316,0.6385441,0.43698785
Warrior_II,0.31974238,0.51787764,0.7305128,0.30680507,0.5292025,0.68798995,0.30575103,0.5207651,0.8881352,0.31842387,0.5744464,0.7389238,0.3110876,0.54902464,0.5595754,0.37484714,0.63841575,0.83415353,0.38995278,0.50901264,0.7980446,0.36144596,0.7485109,0.91838115,0.38437492,0.41671944,0.9096551,0.36347395,0.84046894,0.77786046,0.38026482,0.32213512,0.9057321,0.577703,0.6225422,0.72227037,0.58003855,0.55481964,0.8330228,0.678439,0.7382399,0.80920863,0.60909784,0.40589517,0.8230323,0.7673885,0.8665771,0.858022,0.75578475,0.42419147,0.8477026
Warrior_II,0.35209465,0.41722795,0.5821287,0.341832,0.4266133,0.68854684,0.3415181,0.4216805,0.43627492,0.33876988,0.46367452,0.8366896,0.34122187,0.44603842,0.7566077,0.37922907,0.50115067,0.8589671,0.385657,0.41468287,0.7520514,0.39067647,0.57778484,0.70600337,0.38259408,0.3482275,0.7072265,0.38365763,0.671116,0.84534174,0.37641084,0.26561776,0.84247994,0.5426128,0.48308763,0.8408442,0.5404131,0.42462504,0.824209,0.6212871,0.5791103,0.8382932,0.56024194,0.30133405,0.54559815,0.6791486,0.66176695,0.5312638,0.6771913,0.29345128,0.6063281
Warrior_II,0.58649707,0.21496166,0.7517775,0.5578435,0.19890921,0.6794469,0.5917219,0.19415317,0.713923,0.5026656,0.21087812,0.75083256,0.5898698,0.20394789,0.5480264,0.44693604,0.308622,0.77000004,0.6325625,0.2912283,0.89554673,0.3608572,0.3412523,0.5227687,0.76080215,0.2769866,0.74526995,0.2900108,0.3222468,0.5417643,0.7837239,0.26673374,0.16518784,0.49053365,0.54293436,0.7459419,0.60189116,0.54092944,0.8688073,0.74522936,0.6235535,0.32612014,0.75423515,0.6115332,0.8746831,0.6774458,0.7859672,0.09473576,0.7607355,0.77886045,0.4943798
Warrior_II,0.35723764,0.5355313,0.6344614,0.3452241,0.5473716,0.44584072,0.34525996,0.5329207,0.57923114,0.34315065,0.56997895,0.45323572,0.34832844,0.5442325,0.6621857,0.3917356,0.5973724,0.6807769,0.39390245,0.52397925,0.66142577,0.39691025,0.61565745,0.33456525,0.3959313,0.4774756,0.6025763,0.3609813,0.60368526,0.31407,0.38832444,0.41657305,0.78525305,0.5425445,0.59307885,0.69738376,0.54392344,0.52693135,0.6465102,0.6006188,0.631621,0.6288764,0.56943923,0.45211378,0.71853757,0.6411745,0.68778336,0.68608016,0.6890943,0.45723638,0.80613303
Warrior_II,0.4753586,0.4416529,0.7752096,0.46805367,0.45048502,0.5886276,0.46542448,0.4504289,0.6101553,0.48371768,0.48894873,0.71535516,0.47961318,0.47887507,0.8211118,0.5422614,0.5445374,0.8012463,0.54248047,0.44035143,0.56495124,0.5395611,0.63136923,0.7235761,0.5322288,0.35205057,0.67776287,0.5306985,0.7171793,0.6035866,0.5035391,0.27400687,0.8517777,0.7249961,0.51356685,0.86987734,0.720216,0.44936785,0.80564016,0.8111518,0.60955095,0.66452575,0.73792547,0.31351015,0.84827596,0.9039385,0.7397665,0.84039474,0.88506114,0.3042142,0.8844425
Warrior_II,0.25601143,0.4976697,0.7665271,0.24242263,0.4889739,0.9047316,0.24109244,0.47958744,0.850621,0.25132707,0.45327353,0.7027692,0.25476155,0.4366746,0.88232577,0.3358889,0.5186524,0.90311235,0.3337833,0.37198094,0.9052346,0.3469646,0.6422785,0.9481973,0.34704456,0.2460458,0.91294354,0.35269374,0.7464172,0.69948554,0.35773346,0.1508888,0.7972207,0.5483454,0.48480904,0.9066032,0.5481106,0.40314874,0.93000346,0.58739364,0.64513844,0.8762259,0.6670162,0.26809517,0.93254614,0.7625159,0.7080159,0.9507957,0.78189147,0.12784381,0.9283908
Warrior_II,0.3711818,0.5216605,0.57817656,0.3596203,0.51370054,0.3466159,0.3614022,0.5153287,0.49110416,0.37126726,0.47600994,0.36665866,0.37259355,0.4898989,0.5125731,0.41366863,0.4398279,0.58450544,0.42321593,0.50878686,0.62876505,0.41404915,0.36362028,0.30027503,0.42227244,0.5943012,0.5752113,0.41431698,0.30465394,0.42297903,0.41397825,0.6761211,0.56748915,0.5800787,0.421696,0.5004087,0.5870986,0.4717424,0.70475745,0.65426797,0.3745992,0.42689285,0.62212974,0.5996013,0.71784383,0.736177,0.2955939,0.6512361,0.73355776,0.55722326,0.3451092
Warrior_II,0.416572,0.47762528,0.61837673,0.40925032,0.4865863,0.4932927,0.40761897,0.47550488,0.6230321,0.41374865,0.51223975,0.7035477,0.4122234,0.48404175,0.3795171,0.45179823,0.5439811,0.5712145,0.45666313,0.4668974,0.5172016,0.4505009,0.61070013,0.30315885,0.4599539,0.41825044,0.499396,0.44619018,0.689882,0.3410698,0.44367835,0.3446695,0.47983396,0.59532773,0.52861845,0.68019325,0.59135747,0.4819463,0.61037207,0.6783773,0.62195486,0.5149304,0.64297307,0.38754922,0.43848917,0.74698323,0.6881702,0.4081935,0.7477722,0.40043166,0.6684751
Warrior_II,0.2124153,0.4287021,0.8274996,0.19577879,0.44197717,0.9053518,0.19481482,0.4397119,0.8527482,0.20728537,0.4913524,0.91226834,0.20496942,0.4828566,0.8001886,0.27846867,0.57328624,0.90066284,0.28687894,0.4067868,0.9236501,0.28669423,0.6910882,0.67078435,0.28963557,0.29619202,0.9041365,0.29677638,0.801319,0.88856304,0.2841437,0.17747371,0.89587474,0.5307576,0.57614857,0.9573737,0.5354167,0.47593173,0.95398676,0.6607385,0.71135306,0.91597015,0.5796252,0.3134558,0.9397352,0.78210765,0.84584785,0.78522843,0.7603818,0.28742927,0.8492217
Warrior_II,0.21080929,0.50728995,0.8804399,0.19633028,0.52687687,0.9551567,0.19366011,0.49019158,0.9293021,0.21205786,0.549283,0.9107942,0.20681204,0.46808004,0.8464596,0.30440086,0.5859818,0.9117362,0.298186,0.41047665,0.9351463,0.3044281,0.7454975,0.8871857,0.2973637,0.25468856,0.9417487,0.29098263,0.88872164,0.7736901,0.29127994,0.1184337,0.7497198,0.5585254,0.54047996,0.90336436,0.563722,0.43764606,0.9332018,0.70118344,0.69734657,0.89270705,0.5971189,0.23651676,0.8540151,0.8241331,0.87555677,0.79296976,0.81588596,0.24599096,0.885815
Warrior_II,0.41856968,0.5183053,0.37907922,0.4117272,0.523226,0.6659285,0.41282305,0.51484615,0.38036922,0.41583213,0.54986966,0.5959472,0.41710758,0.5283288,0.45391586,0.46108666,0.5845829,0.6846457,0.46690303,0.518735,0.4930645,0.47279495,0.65064186,0.30363482,0.47426918,0.4591564,0.6091009,0.4845215,0.7214635,0.6900491,0.4669293,0.407272,0.35147136,0.58276796,0.5567581,0.6180483,0.5753071,0.51924837,0.5714164,0.6468264,0.64309067,0.40108362,0.5976186,0.4225873,0.54291785,0.70953983,0.71015066,0.5001296,0.7003769,0.4048137,0.4219603
Warrior_II,0.38051692,0.38391978,0.7941234,0.37089056,0.39171806,0.76343423,0.36839595,0.38771152,0.7945607,0.37516516,0.42831886,0.76758534,0.3723006,0.41083527,0.59164125,0.43035564,0.4691981,0.6550865,0.43088943,0.36976683,0.8106218,0.4311477,0.5667282,0.76744485,0.42332616,0.28324747,0.6350138,0.42394054,0.6483391,0.7467336,0.4033141,0.20776203,0.74028873,0.5954839,0.45742747,0.9005423,0.5899779,0.39210433,0.8390363,0.69558835,0.5491882,0.8649945,0.6418177,0.26394346,0.84435767,0.7768949,0.64859396,0.88214105,0.7581255,0.25367972,0.8650516
Warrior_II,0.23595813,0.44914407,0.8218378,0.22466232,0.46395582,0.8336979,0.22329976,0.45946047,0.8649374,0.2370964,0.50549173,0.8857449,0.23522733,0.4923287,0.8176799,0.31354463,0.55966216,0.88143224,0.3069344,0.41925538,0.88281393,0.33751315,0.6771476,0.8745136,0.32749087,0.30986306,0.8871393,0.34188828,0.7784733,0.80147886,0.31571308,0.20253791,0.78639036,0.5146997,0.5400631,0.9180482,0.5164167,0.44933662,0.9001016,0.639379,0.663269,0.96158826,0.58302474,0.2972953,0.93990654,0.7532205,0.7906353,0.9347491,0.7518312,0.27392685,0.7640081
Warrior_II,0.20368584,0.46967378,0.66454095,0.18311657,0.47397944,0.7024962,0.18701091,0.4397754,0.8307987,0.19106284,0.46886742,0.7897898,0.20629017,0.39689016,0.90554893,0.2599671,0.54373693,0.88527715,0.29858726,0.34356984,0.6886739,0.23053864,0.67291856,0.8710126,0.3139896,0.24899909,0.7878387,0.21201798,0.8188616,0.77120656,0.3252169,0.13059081,0.75983584,0.5390132,0.53592914,0.9340963,0.5550753,0.41439518,0.93684125,0.5611484,0.72096634,0.7413619,0.6883269,0.27317518,0.8780387,0.77936554,0.7598881,0.9571691,0.79483455,0.13233761,0.6870492
Warrior_II,0.37639806,0.5811841,0.5863334,0.3587363,0.5753812,0.53485996,0.3606957,0.57857645,0.6710768,0.36041027,0.5494893,0.7191186,0.36510295,0.56156397,0.74920976,0.40857625,0.5267231,0.62099206,0.41321042,0.5753375,0.75848526,0.40440992,0.42856774,0.27380607,0.40249887,0.6776085,0.4001815,0.39863148,0.33772314,0.5854305,0.395252,0.74836963,0.688111,0.55384207,0.4858295,0.72713983,0.5596771,0.52118486,0.60879004,0.62877357,0.38145173,0.8116897,0.5501478,0.655216,0.8817378,0.6848089,0.2715722,0.76793486,0.67675877,0.6363944,0.8448648
Warrior_II,0.34750533,0.4935129,0.73087126,0.33836985,0.48978522,0.6138909,0.3416366,0.48128104,0.59186184,0.34676498,0.48181555,0.40596852,0.3546767,0.45246595,0.4696088,0.39210886,0.51361006,0.5648317,0.392237,0.43369108,0.4213379,0.39108965,0.5683492,0.46636853,0.4159781,0.35485142,0.48465848,0.3844787,0.6279092,0.49305007,0.40126178,0.2987862,0.4966995,0.50504714,0.5006808,0.4178594,0.51006967,0.45614603,0.6574655,0.54529685,0.5955042,0.42163152,0.5808934,0.3775309,0.3954659,0.64590025,0.6047673,0.45657632,0.6412501,0.32063538,0.5042174
Warrior_II,0.34129336,0.55891323,0.59748185,0.32769036,0.55730736,0.47368157,0.3297577,0.5537207,0.6498387,0.33455014,0.5371867,0.6184613,0.33530366,0.5299419,0.59884256,0.3834174,0.5126955,0.50163525,0.3605272,0.5485193,0.6882124,0.4230978,0.46081486,0.5956525,0.3336154,0.62664235,0.48971155,0.42666644,0.42187175,0.52217627,0.29790652,0.69000244,0.7713227,0.52347517,0.52134556,0.7326558,0.5192777,0.5396158,0.69010085,0.5927243,0.4662066,0.48817727,0.55069065,0.64444804,0.6791238,0.654389,0.4129999,0.5939905,0.683527,0.65908176,0.75915915
Warrior_II,0.47742,0.44057396,0.72526866,0.47107956,0.45131478,0.52755535,0.4671651,0.4496275,0.6492692,0.4860785,0.49126884,0.7639,0.4794261,0.47821307,0.5386361,0.54566586,0.5444978,0.8602011,0.5428491,0.44031787,0.57021606,0.54020524,0.6343687,0.67694217,0.53041047,0.34994516,0.6524642,0.5334649,0.71508414,0.59258044,0.5010505,0.26841533,0.8558024,0.72419924,0.51274675,0.85914063,0.71845454,0.44834465,0.79417515,0.81784385,0.612357,0.7424711,0.73883855,0.313723,0.84796214,0.9037784,0.738056,0.8215429,0.8822197,0.30387804,0.8833126
Warrior_II,0.36121726,0.64827055,0.6498133,0.34932515,0.6531444,0.54499984,0.3480014,0.6337669,0.643886,0.35549444,0.64341986,0.16014853,0.3533521,0.59361035,0.5399989,0.4430175,0.6570707,0.48837546,0.45353338,0.54178554,0.59411615,0.42329627,0.7811437,0.6121734,0.4519735,0.42871624,0.62109417,0.40961015,0.89622027,0.49195886,0.45059007,0.3168788,0.5247661,0.6837112,0.63275975,0.61184114,0.67030656,0.55045146,0.6586873,0.72309726,0.7981173,0.49196815,0.7933192,0.4328342,0.49392065,0.9154377,0.8008175,0.41527534,0.8852949,0.33095223,0.3422278
Warrior_II,0.2856321,0.61898935,0.8378805,0.26997373,0.6108505,0.8042654,0.26895458,0.6007611,0.8495431,0.2759204,0.57176065,0.86573976,0.27631256,0.55864584,0.9072975,0.3474622,0.62311125,0.8066003,0.34187803,0.48488075,0.812374,0.33843076,0.73932856,0.86322767,0.3559291,0.36516032,0.94416124,0.3366235,0.85566574,0.8125286,0.374247,0.2545516,0.8840313,0.5775426,0.5968602,0.9282965,0.5782202,0.50863683,0.9178066,0.63594383,0.745691,0.9445719,0.7029231,0.40451232,0.86302364,0.7898845,0.74424326,0.7164688,0.81366426,0.3012225,0.9033245
Warrior_II,0.30672568,0.4856353,0.4848876,0.294428,0.4963969,0.6677286,0.29153198,0.49107435,0.6369402,0.29704255,0.54752564,0.77719796,0.29390168,0.5268935,0.63712466,0.36662385,0.618458,0.8456323,0.376138,0.4732567,0.8216463,0.36946705,0.7290753,0.9095304,0.39003715,0.35624942,0.93007743,0.37371236,0.8407012,0.632745,0.4011924,0.24443066,0.72759837,0.5697557,0.56932056,0.84626687,0.56178766,0.48672664,0.9151126,0.56264305,0.733841,0.9059694,0.6651191,0.34292233,0.83456796,0.73610646,0.7889928,0.8276618,0.73991376,0.19109176,0.7576191
Warrior_II,0.3649011,0.39419448,0.5580689,0.35930344,0.40617314,0.41248852,0.35380626,0.39219317,0.6076304,0.36896026,0.43129912,0.7706466,0.35831922,0.3990441,0.46257186,0.4154216,0.46119234,0.7864392,0.4081972,0.36816168,0.53993076,0.4367969,0.5245299,0.6014094,0.40348023,0.30475298,0.6392863,0.42324877,0.5939856,0.5068382,0.38063443,0.229437,0.72650695,0.5527557,0.44765127,0.75204986,0.55036056,0.38749105,0.6534021,0.6279974,0.50954574,0.65294075,0.6032423,0.28667688,0.734102,0.7046762,0.5727345,0.64221257,0.7086594,0.26436237,0.6793901
Warrior_II,0.25894257,0.49048734,0.84755355,0.2506438,0.50490713,0.71784395,0.24688654,0.4968348,0.6872132,0.26350382,0.54917026,0.74248475,0.2592015,0.52812475,0.79542327,0.3327059,0.5901127,0.7859349,0.3302308,0.46105522,0.8096335,0.34160686,0.70153135,0.92683715,0.31130603,0.3552049,0.9529387,0.34906396,0.782259,0.8749375,0.30204853,0.2567178,0.8620991,0.5354581,0.5863902,0.93166715,0.53929776,0.5046336,0.92753893,0.6372357,0.69796807,0.8911016,0.58674204,0.38121492,0.6690145,0.74267215,0.81035393,0.896241,0.7357373,0.34124178,0.8642719
Warrior_II,0.30824283,0.54548234,0.4469943,0.29489034,0.53425115,0.4060962,0.2976312,0.5571675,0.45869645,0.31046215,0.5105074,0.76095754,0.30851266,0.5608692,0.7456187,0.36472577,0.4704975,0.8582392,0.35728478,0.583428,0.8811395,0.40356562,0.3821558,0.40597743,0.36483395,0.6880798,0.5331834,0.43042177,0.30828655,0.54932314,0.34047323,0.82064706,0.3515801,0.5200407,0.46261472,0.8509142,0.52559394,0.5166664,0.85786074,0.6362061,0.34434035,0.8983841,0.5808648,0.6692276,0.85296947,0.7437438,0.22222173,0.529762,0.7248458,0.6511728,0.7515749
Warrior_II,0.38028857,0.48566347,0.50504726,0.3720626,0.4917185,0.6324989,0.36899748,0.48648748,0.6018294,0.37963286,0.5186679,0.69221956,0.37209585,0.5026848,0.46042633,0.43247357,0.5552238,0.5883928,0.4214047,0.47206286,0.6363988,0.4426832,0.6246584,0.43066657,0.4150273,0.39570814,0.48692834,0.45200205,0.704234,0.5216619,0.40324178,0.32472354,0.26094466,0.5854802,0.53759676,0.81860954,0.57782316,0.46941397,0.69000745,0.680563,0.6296107,0.5455594,0.6445664,0.36034074,0.74072766,0.7587416,0.70300823,0.54122514,0.76231694,0.36875865,0.74594873
Warrior_II,0.39296213,0.39317104,0.64286023,0.37774608,0.40479243,0.5792661,0.37853947,0.39297718,0.78920573,0.3808688,0.4469296,0.7129397,0.38346156,0.4228755,0.67471886,0.43795994,0.5251619,0.8759909,0.45715207,0.38601428,0.7736085,0.45842415,0.6390319,0.6448701,0.48121703,0.30575028,0.9447878,0.4463213,0.73698324,0.86057913,0.45282885,0.21140847,0.8832037,0.63348794,0.51228637,0.874458,0.6350919,0.44013017,0.88560593,0.7455498,0.63502336,0.82073253,0.6806161,0.29953983,0.8920076,0.8515705,0.7496048,0.92206407,0.8263194,0.3077507,0.920151
Warrior_II,0.2951711,0.5263403,0.5056854,0.28349563,0.5350324,0.62077653,0.27892604,0.50989145,0.7832358,0.2897045,0.5356419,0.6899798,0.28042832,0.48373485,0.7121782,0.35284647,0.56223387,0.64770114,0.3350418,0.4501837,0.5684014,0.41972098,0.5911393,0.14382447,0.36750722,0.37964082,0.20490688,0.4707602,0.5855685,0.16204697,0.36066362,0.46571815,0.2169496,0.53427815,0.5539494,0.87066346,0.5417255,0.47176448,0.8772653,0.58575714,0.67733425,0.6738783,0.64664054,0.32595515,0.31928533,0.73072475,0.67735296,0.62905073,0.71014726,0.2616294,0.23853339
Warrior_II,0.3045582,0.5477833,0.72637814,0.290407,0.53723556,0.9095618,0.28972745,0.53434426,0.85943854,0.29535475,0.4994339,0.663235,0.29844463,0.48869085,0.79802865,0.37222123,0.55540836,0.7550134,0.36196223,0.4287488,0.82681006,0.3643649,0.6465885,0.8773734,0.37428758,0.3248588,0.8871031,0.34217003,0.74503064,0.89029264,0.37134415,0.24234214,0.8520379,0.5857881,0.49646395,0.8851091,0.57797295,0.42709428,0.91482127,0.6222844,0.6391717,0.863355,0.6743204,0.3007202,0.8080294,0.76187456,0.69875824,0.8311381,0.768584,0.17967094,0.8849092
Warrior_II,0.21383463,0.41519246,0.8327317,0.19673161,0.430158,0.9306267,0.19641247,0.42635182,0.90010387,0.19912265,0.4856351,0.6944124,0.20166846,0.47362363,0.8585821,0.27581796,0.56864583,0.889919,0.30394796,0.4210604,0.8991295,0.291142,0.7233526,0.8147212,0.29379764,0.28499073,0.9225031,0.2962634,0.8545936,0.9036815,0.27981043,0.15682441,0.83757013,0.53015274,0.579306,0.9543098,0.54572165,0.4903287,0.95146435,0.6723818,0.73399615,0.96427923,0.62062544,0.29495028,0.91511154,0.79697585,0.8878873,0.96128815,0.829046,0.31691822,0.90180194
Warrior_II,0.29384544,0.52322197,0.57887566,0.2824391,0.5390766,0.742863,0.27776232,0.5281018,0.62271535,0.29394644,0.57566893,0.6586543,0.28409117,0.5521784,0.563113,0.34667274,0.62507945,0.7884158,0.34101224,0.49658242,0.78500986,0.36800712,0.70920455,0.71691096,0.33296746,0.39815527,0.9518763,0.38724634,0.7729911,0.7903199,0.318274,0.3060857,0.78874826,0.55222327,0.60198516,0.9272929,0.5495754,0.51885605,0.8587351,0.631065,0.6646684,0.7926186,0.60589474,0.39820647,0.7114623,0.7129888,0.73156923,0.7433386,0.72325706,0.37413698,0.822046
Warrior_II,0.25585184,0.45937288,0.8587487,0.24776687,0.47345772,0.81606865,0.24602385,0.47368655,0.816555,0.2642221,0.5128744,0.62207395,0.26301694,0.5076908,0.8398989,0.3344082,0.56363606,0.9052578,0.33811724,0.4459091,0.786953,0.34641117,0.690452,0.7017422,0.32361117,0.32975537,0.8024059,0.3492366,0.7934425,0.9390803,0.30240807,0.22421089,0.81130826,0.5332377,0.5554758,0.9178794,0.532357,0.4763779,0.86788636,0.6438176,0.7144427,0.86193436,0.5653782,0.3124405,0.90006596,0.7332705,0.84478825,0.8171142,0.7365776,0.26316878,0.8595945
Warrior_II,0.25712112,0.57231283,0.87519556,0.24119751,0.56342846,0.76455444,0.23984627,0.5579646,0.855998,0.24698673,0.53015363,0.74231595,0.24614017,0.51450944,0.77536476,0.31691384,0.5182515,0.36685082,0.31474096,0.5363949,0.5113554,0.32559407,0.33770245,0.5434082,0.3037106,0.70062804,0.39614397,0.3421098,0.2643033,0.55490685,0.29253656,0.80355555,0.24199319,0.5212367,0.48888797,0.5573469,0.52371925,0.5458052,0.7295369,0.64229435,0.37329954,0.8039173,0.58362603,0.71158534,0.7150431,0.74363774,0.24586868,0.7885155,0.7474686,0.7316935,0.90100145
Warrior_II,0.33653632,0.5096985,0.6168476,0.33276632,0.5219387,0.6877582,0.33044475,0.519187,0.55931586,0.34963104,0.54784995,0.726343,0.34339175,0.5376686,0.4320048,0.3944433,0.5728425,0.6324381,0.40126622,0.49619433,0.7267984,0.41550136,0.66916716,0.53237593,0.403829,0.41785926,0.5888026,0.41651475,0.7359275,0.43980116,0.38668343,0.34717575,0.60025334,0.56650245,0.5791112,0.7353119,0.5717505,0.52689624,0.74325114,0.63553107,0.58559954,0.10868952,0.5987482,0.42172405,0.7476117,0.66038907,0.6566293,0.095433936,0.70416456,0.4117922,0.39717633
Warrior_II,0.2270278,0.5060256,0.8565712,0.21050772,0.50676924,0.9105565,0.21084723,0.4858843,0.84868896,0.22165486,0.4924372,0.5803773,0.2252046,0.4476859,0.891331,0.28757867,0.53955406,0.93062836,0.2966967,0.39775053,0.91686153,0.27844432,0.6451456,0.90023106,0.28916603,0.2954042,0.5563164,0.27701208,0.7491563,0.6945286,0.27009246,0.22540781,0.84197456,0.5167227,0.5329388,0.93952936,0.5194405,0.4395397,0.92377084,0.6083866,0.67746806,0.8653962,0.631307,0.35677323,0.6744585,0.7767865,0.68748504,0.90080166,0.7074742,0.27882737,0.7358799
Warrior_II,0.22055164,0.4621004,0.6850164,0.20799404,0.47496364,0.8490093,0.20784117,0.44733486,0.7232598,0.2200688,0.4851025,0.72239286,0.22020791,0.43026328,0.7379028,0.26994756,0.5015439,0.6967124,0.27102518,0.40703654,0.7531465,0.26232278,0.54733825,0.7338204,0.25725073,0.3804462,0.3752681,0.26433274,0.62480754,0.7900177,0.24474066,0.35146284,0.51594806,0.48605445,0.48765397,0.87536734,0.48289132,0.41717196,0.8588538,0.59812635,0.5490401,0.80032027,0.56088454,0.38327742,0.3756651,0.7658815,0.55892277,0.8569887,0.5974924,0.36343226,0.58671856
Warrior_II,0.34598884,0.60681355,0.5471691,0.3312861,0.6043928,0.72572887,0.33632326,0.59242606,0.5346017,0.33708674,0.5903507,0.5961812,0.34998414,0.5618198,0.65533817,0.38673872,0.6259411,0.6659958,0.39785197,0.5333691,0.6339394,0.38893896,0.6743666,0.5569483,0.42026383,0.46367398,0.64826083,0.37069392,0.7434941,0.3857152,0.40097746,0.41508022,0.5410333,0.5289596,0.60712916,0.6085291,0.5291944,0.5523473,0.5965599,0.5892705,0.71561795,0.58059525,0.6096169,0.48761034,0.395822,0.69306874,0.73384476,0.6349718,0.69021577,0.4273039,0.6816096
Warrior_II,0.35005456,0.43141815,0.703362,0.33824396,0.43932948,0.81857824,0.33764672,0.4404209,0.7532186,0.34069893,0.4723952,0.6500592,0.33913845,0.47270155,0.5010053,0.39181903,0.51575494,0.81703335,0.39730704,0.43676466,0.79222685,0.38802418,0.60866326,0.8621586,0.3963825,0.34461445,0.8501332,0.39330292,0.6951419,0.7789765,0.39282236,0.26485762,0.73789465,0.5588347,0.51782197,0.8537906,0.5639112,0.4716825,0.8727547,0.64985573,0.6244682,0.6575749,0.6119769,0.35415345,0.8072723,0.732539,0.7425638,0.7013108,0.7367748,0.38287959,0.9070174
Warrior_II,0.2842643,0.43851647,0.61691463,0.26809397,0.45104292,0.5799232,0.26615658,0.44727314,0.7619959,0.27668542,0.49021038,0.72767437,0.27547923,0.48686343,0.64668804,0.35990444,0.5628556,0.83366597,0.35895962,0.42191792,0.7936867,0.3802359,0.65964913,0.73366356,0.3502949,0.30267388,0.78245026,0.36447072,0.76645577,0.6129347,0.31889775,0.18509017,0.546521,0.55504763,0.51730347,0.8497291,0.5623602,0.44763467,0.83595407,0.7021083,0.6461105,0.73598826,0.6275043,0.30771053,0.62426794,0.80485725,0.776818,0.68680227,0.7864744,0.32628155,0.65169674
Warrior_II,0.24521148,0.4148679,0.59271187,0.22998524,0.42710984,0.51178604,0.22733694,0.41559955,0.52752584,0.23377313,0.4785899,0.44124427,0.2307682,0.44938028,0.16844688,0.32238802,0.5548419,0.8326168,0.3203548,0.40796632,0.66400355,0.31096652,0.71140176,0.5582509,0.30788836,0.2772542,0.73316926,0.3155718,0.8483675,0.11632583,0.2981562,0.15842247,0.2334218,0.5853251,0.5448231,0.6671565,0.5830475,0.43145666,0.55878633,0.7347701,0.68909085,0.41597408,0.63516563,0.24999171,0.5687929,0.7978548,0.77383894,0.037701577,0.83286774,0.22454064,0.36736122
Warrior_II,0.23214173,0.40348762,0.74877983,0.21787295,0.4156633,0.75824934,0.21938695,0.38186714,0.7655822,0.23581856,0.43303788,0.7515964,0.24055138,0.3545442,0.8808176,0.32754287,0.48232904,0.84360063,0.33612305,0.29947963,0.78929526,0.32823414,0.59892976,0.68096125,0.37046325,0.17814033,0.76787496,0.31425005,0.7175527,0.37196788,0.31693897,0.06330586,0.7353225,0.5872255,0.45231798,0.8206556,0.58015853,0.33004904,0.78591347,0.7037164,0.58812284,0.8159626,0.6112397,0.14475414,0.733452,0.8032389,0.7357113,0.8407727,0.81578726,0.15671484,0.6834517
Warrior_II,0.3820051,0.50780606,0.7022347,0.37225163,0.5080919,0.616139,0.37494767,0.500526,0.5613496,0.37674585,0.49726525,0.57431746,0.37977666,0.47384775,0.58247524,0.41203305,0.52325124,0.69319093,0.4122845,0.44901228,0.669135,0.4172669,0.59476906,0.4016399,0.43710217,0.3650435,0.39460728,0.4152205,0.6555011,0.53687584,0.45238456,0.32050103,0.48801515,0.52539176,0.5018925,0.7428467,0.5234881,0.4562628,0.7459071,0.5790381,0.57301253,0.50382274,0.58226156,0.38891008,0.47336972,0.6565626,0.5741318,0.6992982,0.66899836,0.32234818,0.6436609
Warrior_II,0.21230364,0.587387,0.8662279,0.19770415,0.58323103,0.85773283,0.19580445,0.5662429,0.8783872,0.20716092,0.55277586,0.71881956,0.20990533,0.5173325,0.8124596,0.29709533,0.6068385,0.8336276,0.31047553,0.43820792,0.88287294,0.31459412,0.7515026,0.8793664,0.32368755,0.30923048,0.8424953,0.29729003,0.87274367,0.8703718,0.31211025,0.18643317,0.8382466,0.5518979,0.5919288,0.9195434,0.5539895,0.5004628,0.8730218,0.62694544,0.77142704,0.95536166,0.686097,0.3650937,0.85064656,0.80144095,0.78906065,0.82527286,0.81498826,0.21171053,0.89784473
Warrior_II,0.31093025,0.5383341,0.6831569,0.29632533,0.53503215,0.6474244,0.29655755,0.5314361,0.5870883,0.30126056,0.50378656,0.80767995,0.303209,0.49097267,0.8899371,0.36476034,0.4652663,0.6775369,0.36205992,0.5084119,0.7603807,0.35410148,0.36545566,0.65927017,0.35855892,0.6204721,0.7366457,0.3579079,0.29187715,0.6767711,0.3526584,0.7120917,0.6390008,0.54255867,0.4427175,0.64631116,0.5525619,0.46968284,0.72716486,0.6129589,0.33558413,0.8012559,0.57918096,0.6158484,0.73510057,0.68856835,0.2626234,0.5800629,0.7358626,0.6457262,0.7622892
Warrior_II,0.28321365,0.3913902,0.7480362,0.271384,0.40390345,0.75312465,0.26923648,0.40345275,0.8712855,0.28101262,0.45617574,0.82782733,0.27868143,0.446067,0.90688545,0.35425156,0.53257,0.8709332,0.35935363,0.382003,0.83878,0.38670862,0.647764,0.8373767,0.37137237,0.2703948,0.8205608,0.40126643,0.77765065,0.83595276,0.36201844,0.15717344,0.74305254,0.619866,0.50536,0.9116819,0.61537856,0.41212326,0.88190293,0.7540529,0.6241011,0.95532304,0.6979476,0.2477747,0.8419767,0.8673441,0.7462828,0.96427876,0.8770311,0.24655154,0.967272
Warrior_II,0.26774722,0.5166683,0.7247919,0.25420174,0.5077293,0.8957266,0.25543168,0.49720308,0.7782015,0.26368615,0.47905895,0.7298051,0.2717537,0.46076652,0.9026314,0.33353573,0.54417974,0.9310975,0.34059292,0.41081145,0.8981462,0.32099932,0.65014774,0.76780653,0.33817792,0.2849354,0.8792558,0.3186982,0.7509253,0.9307561,0.33691114,0.18451239,0.74029636,0.5295762,0.5226356,0.8183337,0.52987856,0.45122135,0.8692105,0.5665189,0.6869614,0.7471928,0.63582426,0.31693926,0.7610432,0.73811734,0.69940466,0.8381082,0.7244935,0.17536502,0.9037473
Warrior_II,0.36864048,0.23176382,0.7618493,0.35740656,0.24497327,0.76458657,0.3562515,0.23009476,0.5987937,0.3616865,0.28046867,0.7016567,0.3597932,0.24844652,0.60791343,0.41694722,0.3283163,0.61608386,0.4204591,0.21650504,0.69693965,0.43371886,0.41493416,0.6965865,0.43268657,0.13697687,0.6781537,0.41932762,0.49689674,0.657896,0.4166144,0.056012794,0.5948721,0.58053577,0.31305033,0.87278825,0.5734567,0.24666338,0.7342233,0.6556084,0.39336225,0.71524996,0.60799855,0.122086234,0.62983614,0.72947574,0.4926286,0.7019944,0.73294127,0.11753985,0.8439972
Warrior_II,0.27470168,0.44638166,0.85265446,0.2556934,0.46061155,0.9357907,0.25875175,0.42734927,0.9249724,0.2594822,0.48004434,0.73223066,0.26456445,0.40581346,0.7445179,0.33739275,0.52402437,0.9407465,0.34287477,0.3697051,0.91297483,0.34120733,0.63223064,0.9071157,0.34355018,0.26311463,0.81717885,0.34988,0.7457937,0.9507755,0.32695428,0.15990038,0.86839056,0.55409896,0.49973363,0.8083621,0.5630229,0.41373682,0.915425,0.6810612,0.62731236,0.89133525,0.60442096,0.25093257,0.93826866,0.80738467,0.7570301,0.9026879,0.7862555,0.23212868,0.9153959
Warrior_II,0.23462376,0.40848,0.71363324,0.22138844,0.4219463,0.7265312,0.21898511,0.41960692,0.8039656,0.22892046,0.47030443,0.6824617,0.22766608,0.46173552,0.88180894,0.31944975,0.53214216,0.8730432,0.32284173,0.38751334,0.9171249,0.3344936,0.65156573,0.6931042,0.33097705,0.2828253,0.93966883,0.32944608,0.7611353,0.79605,0.31434926,0.15520237,0.74662405,0.5338049,0.50970834,0.9418994,0.5360149,0.42290184,0.9404889,0.6602212,0.6574262,0.74059504,0.6015402,0.23697552,0.80653197,0.78712106,0.7988271,0.9218152,0.7869155,0.22451232,0.744584
Warrior_II,0.2844549,0.5319633,0.6693468,0.26939616,0.53407663,0.8275823,0.27065527,0.51160663,0.8550855,0.27822807,0.52195644,0.76937944,0.28622958,0.47455835,0.8292262,0.3412158,0.5680076,0.8734408,0.35542876,0.43804872,0.8253843,0.33322898,0.63891095,0.7305057,0.38984844,0.35850084,0.77291125,0.3154607,0.7333892,0.86906826,0.4034641,0.29249957,0.7211293,0.5666531,0.5570766,0.8429122,0.569668,0.47054076,0.8662171,0.57824206,0.6682103,0.61672395,0.6851843,0.37875053,0.7906792,0.754462,0.68067414,0.66924256,0.7733273,0.2683404,0.7690555
Warrior_II,0.28226477,0.45288554,0.64435536,0.2725508,0.46416822,0.8263104,0.2708648,0.45824245,0.84827954,0.2799195,0.50422406,0.7893935,0.27792174,0.48784593,0.5448043,0.3442146,0.5552389,0.8559969,0.35045713,0.43118927,0.8177558,0.35294822,0.6650421,0.7336511,0.34078917,0.33482677,0.84214205,0.36247453,0.737983,0.82511914,0.32637063,0.24573235,0.8232658,0.52628225,0.53658426,0.8340884,0.5292483,0.47400764,0.86465263,0.64402187,0.65352875,0.8656779,0.59612453,0.3375096,0.8268855,0.74664456,0.76421136,0.9035679,0.7462579,0.3037608,0.9221676
Warrior_II,0.33081067,0.5233899,0.7943007,0.32333425,0.53365296,0.8312199,0.31940627,0.5267639,0.7880389,0.33211395,0.5708595,0.8140378,0.32576054,0.5476571,0.59765744,0.3814371,0.62398314,0.84548175,0.3887742,0.50911933,0.75669736,0.38985813,0.7029342,0.7167862,0.38466415,0.4311455,0.9036086,0.39137673,0.7772601,0.8179119,0.3753141,0.35579684,0.7453022,0.5717926,0.6059263,0.7806296,0.57506967,0.53519225,0.85859805,0.60631543,0.70528185,0.74064887,0.5703186,0.41959906,0.73344827,0.69756526,0.82326376,0.647378,0.6744595,0.42891654,0.8304684
Warrior_II,0.3531111,0.5050698,0.7771567,0.34332803,0.5148929,0.4588389,0.34031174,0.493838,0.81297565,0.34866074,0.5295116,0.79228723,0.34583414,0.48015675,0.7717659,0.39345127,0.546613,0.7833448,0.3921937,0.45097327,0.73920166,0.40654868,0.60447544,0.8255815,0.39584145,0.3873769,0.774774,0.4145993,0.6831297,0.8292415,0.38420004,0.31996748,0.5811971,0.5388138,0.52287424,0.6705338,0.54364645,0.47320557,0.8121099,0.62411565,0.6132869,0.75145894,0.58893156,0.37240982,0.8467453,0.7076887,0.7032405,0.6227621,0.7065917,0.35179073,0.8206441
Warrior_II,0.2647332,0.5337388,0.21997552,0.24516414,0.51676667,0.1393568,0.2504928,0.5358029,0.30113965,0.26028514,0.4833872,0.34669542,0.2688512,0.5335097,0.40719306,0.34559047,0.44152147,0.5314286,0.35311857,0.56753486,0.5141239,0.341913,0.31819776,0.5121959,0.35433668,0.6940841,0.5079377,0.35407853,0.2080775,0.56255305,0.34747705,0.81856537,0.4146879,0.57328486,0.4023402,0.6785589,0.5891666,0.48639742,0.6676899,0.67818916,0.25790936,0.666687,0.59137315,0.67787004,0.547231,0.7602318,0.10360241,0.5169497,0.7846014,0.64999145,0.62451035
Warrior_II,0.41499355,0.48690993,0.48703572,0.40697524,0.49610904,0.37143517,0.40497756,0.48554236,0.36837718,0.41305822,0.5271862,0.67740476,0.41233754,0.49632666,0.34109887,0.46220005,0.55881846,0.42919472,0.46406338,0.47043756,0.57067883,0.45257497,0.6383743,0.45174736,0.45175546,0.39638582,0.38818145,0.45333126,0.6926685,0.43280417,0.43484804,0.32014054,0.37030768,0.6016833,0.5837131,0.7520432,0.6076056,0.52465075,0.55872655,0.70532614,0.6456865,0.7096487,0.69621706,0.45151544,0.57021755,0.7840982,0.7047041,0.38240966,0.8036577,0.47349864,0.3443861
Warrior_II,0.28584585,0.6196108,0.80319506,0.2741519,0.6386422,0.803917,0.2743048,0.6079855,0.65786266,0.29220748,0.6750062,0.78270334,0.28688288,0.60856265,0.66945076,0.3552438,0.66881526,0.72903484,0.36221918,0.66107994,0.6102795,0.3318318,0.5866203,0.81794024,0.39826083,0.7143113,0.39831695,0.29897574,0.51013166,0.826962,0.41045454,0.75314665,0.522304,0.5599045,0.7507666,0.677403,0.56900305,0.72453934,0.6740564,0.58284897,0.6111787,0.786029,0.6823022,0.75754327,0.39333838,0.7499065,0.656762,0.6391702,0.75502694,0.8450614,0.6615909
Warrior_II,0.2609756,0.3937562,0.68897134,0.2498173,0.40963677,0.6346194,0.24824077,0.41016904,0.6653515,0.2633729,0.45533895,0.73236233,0.26309487,0.45169973,0.7852037,0.34392604,0.49757653,0.903651,0.35639068,0.3887731,0.87989026,0.35526973,0.6111348,0.90769094,0.3243745,0.27156422,0.88532996,0.36587122,0.7221455,0.8786884,0.2947928,0.16796538,0.9052433,0.5764092,0.46548584,0.890184,0.5742775,0.43039256,0.8737118,0.69798994,0.6035405,0.8923004,0.53526336,0.2800763,0.85488033,0.77071095,0.77166575,0.71761847,0.71925485,0.3044923,0.7458211
Warrior_II,0.23862542,0.4709068,0.7440597,0.22849509,0.4870611,0.9323632,0.22625864,0.47370672,0.8974616,0.24077103,0.534501,0.8915111,0.23523349,0.49914497,0.69845474,0.31986567,0.5787942,0.91139174,0.3123446,0.43729284,0.85822135,0.34019276,0.6862963,0.88494706,0.30648535,0.33395576,0.7978244,0.35617068,0.7898459,0.75226253,0.29022723,0.23033515,0.907532,0.52663136,0.57251436,0.89877486,0.5313471,0.49501395,0.91640234,0.6508126,0.69379497,0.9347936,0.57621914,0.35681722,0.885057,0.75651085,0.7952918,0.83957994,0.74962854,0.34372252,0.82756585
Warrior_II,0.37318683,0.5050616,0.58825177,0.36267033,0.5182431,0.69833344,0.36550885,0.49332458,0.8372559,0.37111956,0.5453905,0.5927053,0.37728325,0.48731515,0.7389246,0.43609637,0.5765043,0.7624771,0.4428047,0.47400302,0.87551844,0.47367126,0.6537823,0.62110233,0.40806147,0.39928192,0.8627827,0.4964881,0.71382457,0.77638435,0.36919862,0.3200199,0.94782805,0.6284274,0.60004157,0.9192917,0.63582677,0.523133,0.82298374,0.7697092,0.64274305,0.8489702,0.6919856,0.40755412,0.7708748,0.90661705,0.6869428,0.8218701,0.89448184,0.39451703,0.91103446
Warrior_II,0.41166097,0.5241282,0.31141588,0.40525234,0.5306229,0.46196747,0.40535516,0.5123788,0.47431925,0.41516522,0.53448737,0.5663941,0.41883078,0.49980712,0.5810404,0.4653752,0.57930744,0.47647113,0.46961123,0.4437764,0.6573069,0.46870497,0.67462254,0.73346555,0.46201095,0.35235015,0.68196404,0.48049167,0.7511988,0.5263989,0.4463055,0.2688957,0.30441156,0.63370764,0.56233877,0.8052256,0.6323872,0.4868038,0.82047737,0.7159646,0.63535655,0.7885515,0.6802274,0.3936457,0.7002874,0.7624007,0.6848033,0.40895215,0.7908021,0.3827199,0.7631509
Warrior_II,0.37724945,0.32212585,0.53614724,0.36250725,0.31351727,0.41583407,0.36452615,0.31440076,0.61239415,0.36950025,0.28251776,0.25699592,0.37436384,0.29269502,0.49781224,0.42939746,0.22880691,0.55569494,0.41886324,0.31258166,0.5787956,0.4839249,0.18487734,0.3091075,0.41726875,0.40032056,0.59576225,0.52799416,0.20147352,0.28118,0.38877663,0.4765314,0.18735524,0.58391035,0.22897618,0.5295805,0.58009505,0.296122,0.51369804,0.6752462,0.17920174,0.5897813,0.59552443,0.4139934,0.35981426,0.76116073,0.099296086,0.5358226,0.6976182,0.4245149,0.4714618
Warrior_II,0.3100329,0.5119153,0.70283747,0.29603553,0.50744313,0.7648562,0.30335927,0.50028265,0.7001334,0.30184826,0.4926691,0.7787546,0.3132962,0.470899,0.54672533,0.35917917,0.53177273,0.70606166,0.35412753,0.42873558,0.8059685,0.3439217,0.61422914,0.64364403,0.3614098,0.35590416,0.688782,0.34136477,0.6620645,0.72362244,0.3606937,0.2876976,0.6707381,0.51334465,0.49807376,0.7507122,0.5157409,0.4235501,0.82264245,0.56737924,0.5705858,0.84418535,0.5902058,0.3575474,0.6743517,0.67949,0.55845684,0.91117096,0.63159555,0.3214286,0.71625495
Warrior_II,0.34701335,0.47180128,0.676588,0.34077555,0.4858624,0.7706713,0.33895543,0.47181085,0.8370991,0.34938288,0.52485436,0.88881606,0.34451807,0.48781765,0.64872146,0.41467258,0.5750242,0.8594693,0.4049717,0.43686017,0.8356102,0.42907605,0.64692765,0.7160717,0.39287168,0.34617168,0.88559556,0.41871002,0.7287454,0.7675244,0.3523436,0.2588952,0.7539137,0.58957547,0.54822284,0.86776567,0.5886094,0.47634757,0.8719004,0.724298,0.6440827,0.8684353,0.6610186,0.33700567,0.78575754,0.8509649,0.74526846,0.76937485,0.8215939,0.33347487,0.90630925
Warrior_II,0.3155615,0.4434662,0.76434255,0.3039514,0.4543074,0.8275835,0.30161086,0.4528934,0.78099024,0.3155862,0.50041157,0.8577802,0.3115765,0.48662153,0.5797513,0.3787271,0.5598431,0.7883114,0.37792388,0.43029037,0.7548364,0.3890486,0.67934644,0.8757686,0.37545192,0.33503976,0.8423952,0.39327857,0.77478325,0.7555774,0.37089914,0.24141705,0.83642703,0.60238326,0.53171295,0.7802006,0.59572816,0.45669144,0.9148323,0.69332504,0.6619716,0.91962194,0.6121099,0.30254135,0.918834,0.7767348,0.7927042,0.7769052,0.77587205,0.29967552,0.878527
Warrior_II,0.27520743,0.39975312,0.81054217,0.25874054,0.41288912,0.9092695,0.2578548,0.40978396,0.89567167,0.26727438,0.45973557,0.8612602,0.2656886,0.4479711,0.8068365,0.34835595,0.53342164,0.72187495,0.3521868,0.38074228,0.8443251,0.33691543,0.66624385,0.78434086,0.3378676,0.26221633,0.8988228,0.32751775,0.79383266,0.77280027,0.32956606,0.14350013,0.6869754,0.5787242,0.50500554,0.77764094,0.57552904,0.41786808,0.90689194,0.6852195,0.6506198,0.9420148,0.5795075,0.2458109,0.9019205,0.7728073,0.81006515,0.95701987,0.7645994,0.25266588,0.9258029
Warrior_II,0.31045818,0.56677324,0.43900335,0.29378152,0.55805427,0.19963403,0.29289195,0.5529577,0.51982224,0.30435282,0.51827735,0.15553996,0.30567342,0.50000894,0.51506233,0.42035964,0.5723419,0.6151134,0.3914424,0.4198581,0.31356007,0.4139922,0.7129633,0.49393174,0.33404619,0.24593662,0.49193498,0.4142001,0.85558146,0.79345655,0.3121488,0.09873078,0.41619438,0.67036694,0.4843634,0.5550617,0.65048456,0.40436375,0.5847485,0.6729558,0.67846537,0.6266988,0.81860435,0.1965205,0.64194953,0.9212691,0.7133845,0.77921027,0.9295052,-0.009388057,0.16928183
Warrior_II,0.4120937,0.5276574,0.72001666,0.39332122,0.5185578,0.765397,0.3965245,0.517079,0.692577,0.39674798,0.4825522,0.76527023,0.40477774,0.48332,0.8320039,0.4525317,0.4855373,0.49157557,0.45356312,0.4737647,0.4192664,0.46360824,0.34636545,0.50503606,0.4531561,0.61610836,0.30137655,0.47210187,0.29241475,0.7194748,0.44092053,0.6634571,0.15175337,0.6346677,0.48883557,0.7619507,0.62931323,0.46692145,0.7821497,0.688059,0.6375416,0.7912688,0.732655,0.36432496,0.6298284,0.8187898,0.65821034,0.6842461,0.82151914,0.25743663,0.56406265
Warrior_II,0.38071567,0.4514189,0.5640059,0.3720377,0.4612239,0.54760396,0.37143585,0.44896752,0.50424415,0.3737196,0.4943124,0.44253665,0.37677184,0.4683603,0.349642,0.4125216,0.5230978,0.4241663,0.42860866,0.44431934,0.6112329,0.43651655,0.56297815,0.22023596,0.43343076,0.37345582,0.5171962,0.4309069,0.55688703,0.1090548,0.42614785,0.2944688,0.50965756,0.560691,0.5235202,0.48526916,0.5638413,0.48148602,0.599119,0.6027374,0.5578172,0.31534353,0.5836708,0.5229498,0.22461054,0.6847593,0.6437411,0.36624226,0.712394,0.35443637,0.2980953
Warrior_II,0.27526602,0.4658917,0.8461628,0.25783992,0.48104116,0.71666497,0.25712076,0.4723913,0.8712236,0.2620902,0.5307511,0.80403394,0.2602084,0.5096077,0.8746212,0.32773745,0.603009,0.88719976,0.32661733,0.44806823,0.7562782,0.35457096,0.71302956,0.9155475,0.31137922,0.33215636,0.91842204,0.3670562,0.80642307,0.87597305,0.29983953,0.22698557,0.90532064,0.569204,0.53996575,0.89329934,0.5622656,0.4479076,0.87057793,0.71350217,0.6479016,0.9580669,0.6338498,0.27743793,0.9213198,0.8319343,0.763592,0.914869,0.81731796,0.24809381,0.7467228
Warrior_II,0.28359255,0.4334358,0.6592774,0.26704946,0.4509824,0.40960017,0.26484907,0.43388617,0.45316938,0.27719706,0.50505716,0.69356334,0.27129257,0.46623635,0.24907327,0.36716968,0.5622685,0.81423575,0.3683445,0.4120398,0.71027344,0.37826088,0.7058102,0.70766526,0.34761202,0.2810206,0.72054267,0.40136328,0.8432782,0.31514353,0.34764248,0.15508059,0.3943247,0.625999,0.5368111,0.8731446,0.62305397,0.4382254,0.77341324,0.76791596,0.67623246,0.8383325,0.67078626,0.25213268,0.6749161,0.89947665,0.8484522,0.7709954,0.86190563,0.21887407,0.62612575
Warrior_II,0.37766162,0.58586246,0.42518604,0.3651249,0.5748519,0.36194897,0.37009263,0.58441937,0.52111226,0.36128846,0.5292799,0.3787776,0.37161177,0.57262796,0.55066425,0.42536083,0.52032024,0.44992983,0.4328641,0.56432205,0.49896765,0.42276123,0.6484533,0.21268693,0.45305106,0.42189807,0.36065224,0.4013611,0.70485204,0.30633014,0.4401981,0.35395736,0.23468077,0.62214166,0.4940307,0.6219463,0.62068784,0.5502038,0.57126254,0.7016338,0.42506775,0.6111189,0.63429296,0.6388369,0.6624326,0.7971839,0.33825842,0.41086802,0.7633894,0.6256587,0.55004776
Warrior_II,0.232986,0.49987426,0.59053415,0.2217968,0.5168503,0.8079011,0.21667798,0.48297602,0.5900941,0.23944366,0.5269735,0.88210195,0.2285991,0.455099,0.8443827,0.31381905,0.5476968,0.9126885,0.31692362,0.40844858,0.90177757,0.31223467,0.6379495,0.75623775,0.31868067,0.343196,0.68453014,0.2997529,0.7412069,0.7839062,0.30116925,0.27190268,0.5531534,0.59100425,0.50767773,0.8191403,0.5857038,0.41887438,0.8918233,0.64757526,0.65374434,0.94561553,0.72276694,0.3216289,0.79691243,0.8624305,0.66083676,0.8367502,0.81207967,0.24488407,0.7953437
Warrior_II,0.27004054,0.48891604,0.8702039,0.25793588,0.50184214,0.8327795,0.2533929,0.5030429,0.7491167,0.26948372,0.55091053,0.872694,0.2639194,0.54470044,0.72544897,0.34405485,0.61369044,0.7805624,0.32573518,0.48344958,0.86332464,0.36573824,0.7328258,0.68985987,0.33735096,0.3587961,0.8634713,0.365639,0.85488,0.74701613,0.34337458,0.24447621,0.674943,0.5790272,0.5872615,0.9232941,0.5682238,0.4964064,0.9027252,0.672299,0.73803425,0.75498456,0.6497829,0.3610723,0.9313495,0.76524746,0.8425421,0.88106006,0.7950259,0.39580202,0.90432125
Warrior_II,0.3069706,0.57413375,0.8497309,0.29324713,0.5708871,0.8456064,0.28885242,0.55617964,0.87497425,0.2975908,0.54339653,0.5884992,0.28945544,0.5107998,0.9128454,0.3745281,0.59544337,0.84270877,0.37289774,0.43863526,0.8278305,0.37728307,0.73114914,0.81281805,0.38877872,0.31040698,0.8469997,0.37611482,0.8332927,0.50113744,0.3845848,0.19021402,0.7755151,0.6005392,0.5621298,0.90554667,0.5930271,0.47724617,0.8876232,0.6332372,0.73203826,0.7697998,0.7057338,0.33052883,0.79499155,0.8146654,0.7178808,0.90096927,0.7874575,0.19581188,0.7611506
Warrior_II,0.28079078,0.5071431,0.79376096,0.26513487,0.5213083,0.69340336,0.26484329,0.49250537,0.706551,0.27135575,0.54482347,0.8608992,0.2714398,0.4820102,0.7635107,0.33851606,0.5767875,0.84923816,0.33800068,0.43887132,0.8950866,0.34932634,0.68252677,0.84193575,0.33343706,0.3319337,0.888562,0.3602909,0.76951444,0.8631269,0.32937282,0.23704123,0.75547254,0.5458576,0.5628095,0.9070692,0.5528155,0.47605178,0.9085656,0.65659094,0.6861628,0.9535172,0.60194147,0.34318447,0.8398577,0.75496936,0.8029721,0.7731845,0.7485208,0.31092718,0.8674208
Warrior_II,0.3193542,0.46960425,0.38764614,0.31002817,0.46541706,0.4771686,0.31219158,0.47657746,0.42768985,0.30857286,0.46016407,0.6262612,0.30576873,0.47472817,0.47140256,0.33951655,0.43086544,0.6439893,0.33416197,0.5048406,0.6790106,0.33660546,0.35777172,0.5187722,0.33359516,0.5603701,0.4970545,0.33612838,0.3054685,0.32039347,0.32673222,0.6001355,0.49400902,0.4543013,0.43969944,0.6962206,0.45449883,0.4808614,0.6952712,0.505783,0.3634827,0.58314383,0.47243088,0.57458615,0.75721157,0.5695354,0.30721316,0.56226754,0.5756323,0.5733382,0.7498618
Warrior_II,0.38788497,0.45014325,0.54984623,0.38129494,0.45840746,0.8089412,0.38037306,0.45336825,0.6304602,0.39393464,0.49306315,0.71378577,0.38882518,0.47785234,0.50956416,0.4380522,0.53280264,0.5686295,0.43741745,0.44100195,0.67050207,0.45185038,0.6026844,0.711038,0.4387185,0.34529135,0.6068689,0.4471184,0.6757274,0.4150107,0.43006572,0.28341612,0.54982543,0.5861276,0.50043476,0.87757534,0.58091307,0.44399244,0.8469795,0.6645911,0.593397,0.78681016,0.60856265,0.34599155,0.75483626,0.71438277,0.65733296,0.6753901,0.71923697,0.33300903,0.6490801
Warrior_II,0.22354417,0.4497041,0.7834425,0.21202405,0.46948737,0.8248771,0.20992099,0.46233717,0.9129241,0.22487246,0.5172224,0.87960094,0.22411804,0.50013226,0.789975,0.30056792,0.582134,0.86503696,0.2831298,0.42755565,0.794476,0.308758,0.69885826,0.84819585,0.28392982,0.3172249,0.8761599,0.3155032,0.7875189,0.8349596,0.27594355,0.22131546,0.79393387,0.5385349,0.5350296,0.8607193,0.52305824,0.45844933,0.9079399,0.64340377,0.6688254,0.92377996,0.5676242,0.30049586,0.7012205,0.74335027,0.78998274,0.7622337,0.7383995,0.29644755,0.6550181
Warrior_II,0.23767573,0.47140372,0.7716083,0.22304888,0.484999,0.7900646,0.22401987,0.47285488,0.88894457,0.22700818,0.5340096,0.6140404,0.22883989,0.5046917,0.7024763,0.3097875,0.59780824,0.8899323,0.3181305,0.44281465,0.9227092,0.31451944,0.72649616,0.956413,0.30928865,0.31862384,0.92002934,0.3203396,0.854252,0.8378491,0.29634786,0.20449483,0.7239843,0.54201406,0.559776,0.9311123,0.5403386,0.47174394,0.9429902,0.6790961,0.70952904,0.9201882,0.58785623,0.27953744,0.9303314,0.78602076,0.86571825,0.9037374,0.78553754,0.27532232,0.9687285
Warrior_II,0.25709414,0.3935331,0.8107156,0.23719266,0.40774027,0.7423569,0.23521326,0.40752774,0.7159251,0.24566169,0.4575899,0.82311475,0.24383225,0.45881414,0.71911883,0.33556896,0.56378496,0.763944,0.33838037,0.3878329,0.77640474,0.33176798,0.70528036,0.698188,0.33132553,0.25348952,0.9602809,0.33638072,0.8295186,0.9263602,0.31384763,0.115026884,0.837909,0.6162626,0.5398483,0.9336171,0.6201359,0.43030474,0.9081342,0.7557814,0.6742462,0.93515295,0.6700029,0.23338099,0.9011623,0.8591833,0.83167267,0.932288,0.87474364,0.24027482,0.95258087
Warrior_II,0.3094448,0.57000124,0.66002077,0.29659516,0.5658456,0.7026345,0.29386237,0.55557877,0.8585759,0.2990532,0.5367499,0.7719487,0.29674834,0.5133708,0.81995636,0.37394407,0.59154725,0.7564748,0.36977434,0.45690313,0.8761701,0.3788883,0.6986488,0.9335919,0.37376145,0.34932452,0.8171371,0.37848714,0.79364973,0.9155227,0.36543098,0.26139238,0.8887965,0.59331524,0.56464773,0.91033447,0.5915796,0.48207194,0.8613336,0.59952253,0.73027503,0.7740428,0.6850999,0.3440235,0.78138,0.76213425,0.72875863,0.83136564,0.7592611,0.20028043,0.90552646
Warrior_II,0.32221642,0.45211697,0.6340001,0.3096371,0.4602722,0.73647636,0.3084788,0.45884046,0.6198519,0.31492433,0.4997814,0.8097577,0.31555682,0.4884455,0.7851655,0.37595248,0.54353243,0.7480888,0.37490457,0.44929007,0.73192,0.36802948,0.6523002,0.81215894,0.35453072,0.3468464,0.87775296,0.369415,0.7374287,0.79535323,0.33735704,0.26408488,0.55288786,0.5580625,0.5248278,0.86295766,0.5636707,0.4624286,0.7948044,0.6472092,0.6642093,0.6948446,0.56496024,0.33575946,0.80380833,0.7113458,0.7941535,0.66185665,0.70446235,0.31197503,0.7499981
Warrior_II,0.24131636,0.48940393,0.52827674,0.23158514,0.48884463,0.47242814,0.23354754,0.48052773,0.51881105,0.2373446,0.4794153,0.45237416,0.24064587,0.45279828,0.53220373,0.2837207,0.49977437,0.55280405,0.27682787,0.42550436,0.65298474,0.2760441,0.5651268,0.5486778,0.28697675,0.36566687,0.29818133,0.2679753,0.6167278,0.46781704,0.28868437,0.31101182,0.7053248,0.40992582,0.47237724,0.52576315,0.4047019,0.43389043,0.5178965,0.4512689,0.56143636,0.37066332,0.47424418,0.3669006,0.41297376,0.54728293,0.55424887,0.6049436,0.5491601,0.29331416,0.54972404
Warrior_II,0.24342275,0.5657031,0.5799813,0.22654738,0.5670227,0.62490326,0.22429761,0.5465805,0.47909853,0.22951642,0.5375367,0.13594393,0.22894204,0.48252845,0.6309464,0.34079146,0.58301425,0.7374159,0.34456307,0.39879146,0.7371586,0.3482161,0.7212278,0.54400444,0.36446825,0.24507788,0.57153296,0.35025188,0.86583453,0.63576305,0.35897127,0.1265231,0.6013523,0.6285653,0.5540726,0.85834175,0.63042104,0.43150946,0.791023,0.71675587,0.7381458,0.6902478,0.78867507,0.28000954,0.60994864,0.92665505,0.74255353,0.8045062,0.90422124,0.12926771,0.6086242
Warrior_II,0.43360263,0.42582822,0.6075674,0.41594586,0.43424836,0.49028385,0.41680214,0.42718643,0.6874083,0.41846642,0.48003626,0.75204563,0.4221912,0.460587,0.35845748,0.48779425,0.55284315,0.56199276,0.5151571,0.4207454,0.6784769,0.47822452,0.68135756,0.66547173,0.5260246,0.31448057,0.7463433,0.4879694,0.8005656,0.62913305,0.53093374,0.21354307,0.81321985,0.7201449,0.53286564,0.807973,0.7229884,0.44249603,0.8646807,0.83128065,0.6927454,0.73016036,0.76975715,0.2737952,0.8251864,0.958299,0.88165206,0.8552183,0.97382,0.28526068,0.6667715
Warrior_II,0.35099798,0.57342094,0.8671298,0.33599788,0.56607413,0.78571445,0.33514273,0.5550333,0.87202,0.3409693,0.53171515,0.7259203,0.34105512,0.5130887,0.89853764,0.4138242,0.5854686,0.72622895,0.41728973,0.4473934,0.699258,0.4265428,0.70250964,0.9093415,0.4468273,0.33618486,0.7842082,0.41999668,0.78495514,0.7949278,0.4497645,0.22925626,0.87965554,0.62366366,0.5571748,0.8441781,0.6255457,0.47215122,0.8855138,0.6493925,0.70781314,0.8375955,0.730495,0.34227642,0.85057557,0.8145844,0.69994855,0.66352487,0.83112556,0.19705917,0.774204
Warrior_II,0.37821734,0.26912814,0.5906946,0.36790168,0.2770166,0.7689633,0.36621162,0.2698315,0.75964,0.3746739,0.3106458,0.65687525,0.37310582,0.290197,0.7027408,0.42152524,0.35811824,0.73260266,0.42775896,0.2606291,0.59394306,0.43478078,0.4411102,0.80512,0.43361422,0.18759106,0.73109823,0.42033505,0.5187617,0.41921687,0.4242659,0.11906462,0.4204723,0.57404554,0.33948243,0.69983435,0.5672923,0.27668935,0.80561143,0.6357773,0.4175224,0.7920921,0.5970355,0.16801809,0.595683,0.7094969,0.50671804,0.8039019,0.7097088,0.16468325,0.81866
Warrior_II,0.42260146,0.48670518,0.43385082,0.41367668,0.49723232,0.4271976,0.41342336,0.47627404,0.63356346,0.4074482,0.5095169,0.517165,0.4074871,0.46637148,0.38462126,0.44349313,0.53383744,0.5986213,0.4295762,0.44513443,0.49134776,0.4579254,0.59375674,0.36956617,0.42303157,0.3981776,0.2529332,0.46349293,0.66003907,0.4229436,0.41174105,0.34220794,0.34430048,0.5626806,0.5138548,0.623433,0.5594403,0.4586012,0.60110915,0.6413931,0.5803113,0.35663313,0.6004832,0.39236096,0.5238616,0.70480055,0.70226085,0.23583436,0.67770255,0.40033084,0.44193363
Warrior_II,0.25271937,0.44176757,0.79062533,0.24368374,0.4536905,0.844514,0.24100533,0.44935715,0.8940939,0.25323886,0.5002896,0.7946001,0.24993894,0.48388055,0.69571537,0.33108982,0.55603045,0.89015764,0.32318223,0.41896394,0.82982117,0.3281246,0.66067547,0.88455594,0.31887645,0.31713387,0.8968216,0.3260682,0.756149,0.8198802,0.31196535,0.2294449,0.82094496,0.5186104,0.52971745,0.8651208,0.5176424,0.45235422,0.91084963,0.6213556,0.6599488,0.9596919,0.5392965,0.30679077,0.8378326,0.7057737,0.7925414,0.87153494,0.6934448,0.3166411,0.9091137
